train-test,fold,filename,date,time,location,mic,class,subclass,altitude,hex_id,session,offset,duration,file_length,reg,airframe,engtype,engnum,shortdesc,typedesig,manu,model,engmanu,engmodel,engfamily,fueltype,propmanu,propmodel,mtow,distance,notes,quality,lowPass,highPass,gain
train,0,A22F54_1733777417_Reciprocating_1_2_616_76_audiomoth_manasas.wav,12/9/24,20:50:17,manasas.wav,audiomoth,1,,76,A22F54,,6.245871875254494e-15,26.383162455000768,,,5,1,2,,,PIPER,PA-39,,,,,,,CLASS 1,616,,4,500,50,1
train,0,A81C99_1733775970_Reciprocating_1_1_1089_53_audiomoth_manasas.wav,12/9/24,20:26:10,manasas.wav,audiomoth,1,,53,A81C99,,21.92688019149829,10.70554042346577,,,4,1,1,,,CESSNA,172N,,,,,,,CLASS 1,1089,,2,500,50,1
train,0,A44F6E_1733778533_Reciprocating_1_1_1202_60_audiomoth_manasas.wav,12/9/24,21:08:53,manasas.wav,audiomoth,1,,60,A44F6E,,0,30,,,4,1,1,,,PIPER,PA 46-350P,,,,,,,CLASS 1,1202,,4,500,50,1
train,0,A16707_1733780213_Reciprocating_1_1_737_22_audiomoth_manasas.wav,12/9/24,21:36:53,manasas.wav,audiomoth,1,,22,A16707,,0,30,,,4,1,1,,,CESSNA,172P,,,,,,,CLASS 1,737,,5,500,50,1
train,0,A16707_1733780405_Reciprocating_1_1_1546_533_audiomoth_manasas.wav,12/9/24,21:40:05,manasas.wav,audiomoth,1,,533,A16707,,0,30,,,4,1,1,,,CESSNA,172P,,,,,,,CLASS 1,1546,,2,500,50,1
train,0,ADEE2F_1733779667_Reciprocating_1_1_1419_342_audiomoth_manasas.wav,12/9/24,21:27:47,manasas.wav,audiomoth,1,,342,ADEE2F,,0,30,,,4,1,1,,,CLARK JAMES S IV,RV7A,,,,,,,CLASS 1,1419,,5,500,50,1
train,0,A1B621_1733777638_Reciprocating_1_1_599_22_audiomoth_manasas.wav,12/9/24,20:53:58,manasas.wav,audiomoth,1,,22,A1B621,,21.530578905574156,11.101841709389927,,,4,1,1,,,CESSNA,T210L,,,,,,,CLASS 1,599,,2,500,50,1
train,0,A57E89_1733711334_Turbo-prop_2_1_1997_114_audiomoth_manasas.wav,12/9/24,2:28:54,manasas.wav,audiomoth,1,,114,A57E89,,0.067788272,5.2407679458844525,,,4,2,1,,,PILATUS,PC-12/45,,,,,,,CLASS 2,1997,,1,500,50,1
train,0,A81C99_1733773607_Reciprocating_1_1_942_22_audiomoth_manasas.wav,12/9/24,19:46:47,manasas.wav,audiomoth,1,,22,A81C99,,18.73561990742412,11.37299345848076,,,4,1,1,,,CESSNA,172N,,,,,,,CLASS 1,942,,2,500,50,1
train,0,A36608_1733764452_Reciprocating_1_2_510_38_audiomoth_manasas.wav,12/9/24,17:14:12,manasas.wav,audiomoth,1,,38,A36608,,0,30,,,5,1,2,,,PIPER,PA-23-250,,,,,,,CLASS 1,510,,4,500,50,1
train,0,A1B621_1733777356_Reciprocating_1_1_1073_106_audiomoth_manasas.wav,12/9/24,20:49:16,manasas.wav,audiomoth,1,,106,A1B621,,0,30,,,4,1,1,,,CESSNA,T210L,,,,,,,CLASS 1,1073,,4,500,50,1
train,0,ADEE2F_1733779761_Reciprocating_1_1_1121_228_audiomoth_manasas.wav,12/9/24,21:29:21,manasas.wav,audiomoth,1,,228,ADEE2F,,0,30,,,4,1,1,,,CLARK JAMES S IV,RV7A,,,,,,,CLASS 1,1121,,5,500,50,1
train,0,A22F54_1733776729_Reciprocating_1_2_479_45_audiomoth_manasas.wav,12/9/24,20:38:49,manasas.wav,audiomoth,1,,45,A22F54,,0,30,,,5,1,2,,,PIPER,PA-39,,,,,,,CLASS 1,479,some clipping,4,500,50,1
train,0,A16707_1733782421_Reciprocating_1_1_998_45_audiomoth_manasas.wav,12/9/24,22:13:41,manasas.wav,audiomoth,1,,45,A16707,,5.595134848427833,14.793691434882426,,,4,1,1,,,CESSNA,172P,,,,,,,CLASS 1,998,,2,500,50,1
train,0,A32BC4_1733735324_Turbo-shaft_3_2_1044_15_audiomoth_manasas.wav,12/9/24,9:08:44,manasas.wav,audiomoth,1,,15,A32BC4,,0,30,,,6,3,2,,,EUROCOPTER DEUTSCHLAND GMBH,EC 135 P2,,,,,,,CLASS 1,1044,,2,500,50,1
train,0,A2AAC9_1733781920_Reciprocating_1_1_485_22_audiomoth_manasas.wav,12/9/24,22:05:20,manasas.wav,audiomoth,1,,22,A2AAC9,,13.52114114602328,17.04634626516509,,,4,1,1,,,PIPER,PA-28-181,,,,,,,CLASS 1,485,,2,500,50,1
train,0,AB3FC7_1733783010_Reciprocating_1_1_921_106_audiomoth_manasas.wav,12/9/24,22:23:30,manasas.wav,audiomoth,1,,106,AB3FC7,,0,30,,,4,1,1,,,CIRRUS DESIGN CORP,SR22T,,,,,,,CLASS 1,921,,4,500,50,1
train,0,A22F54_1733778960_Reciprocating_1_2_689_22_audiomoth_manasas.wav,12/9/24,21:16:00,manasas.wav,audiomoth,1,,22,A22F54,,0,30,,,5,1,2,,,PIPER,PA-39,,,,,,,CLASS 1,689,,3,500,50,1
train,0,A6945F_1733778177_Reciprocating_1_1_1902_99_audiomoth_manasas.wav,12/9/24,21:02:57,manasas.wav,audiomoth,1,,99,A6945F,,0,30,,,4,1,1,,,CIRRUS DESIGN CORP,SR20,,,,,,,CLASS 1,1902,,3,500,50,1
train,0,A1F75F_1733774973_Reciprocating_1_1_1724_99_audiomoth_manasas.wav,12/9/24,20:09:33,manasas.wav,audiomoth,1,,99,A1F75F,,0,30,,,4,1,1,,,CESSNA,172S,,,,,,,CLASS 1,1724,,2,500,50,1
train,0,A90E6E_1733784499_Reciprocating_1_2_772_15_audiomoth_manasas.wav,12/9/24,22:48:19,manasas.wav,audiomoth,1,,15,A90E6E,,26.724200973436233,5.845646882168502,,,5,1,2,,,PIPER AIRCRAFT INC,PA-44-180,,,,,,,CLASS 1,772,,2,500,50,1
train,0,AB3FC7_1733787102_Reciprocating_1_1_981_106_audiomoth_manasas.wav,12/9/24,23:31:42,manasas.wav,audiomoth,1,,106,AB3FC7,,0,32.653061,,,4,1,1,,,CIRRUS DESIGN CORP,SR22T,,,,,,,CLASS 1,981,,4,500,50,1
train,0,A32BC4_1733742962_Turbo-shaft_3_2_1038_30_audiomoth_manasas.wav,12/9/24,11:16:02,manasas.wav,audiomoth,1,,30,A32BC4,,22.844628282065283,0.27658557940719675,,,6,3,2,,,EUROCOPTER DEUTSCHLAND GMBH,EC 135 P2,,,,,,,CLASS 1,1038,,2,500,50,1
train,0,ADEE2F_1733779083_Reciprocating_1_1_684_22_audiomoth_manasas.wav,12/9/24,21:18:03,manasas.wav,audiomoth,1,,22,ADEE2F,,0,30,,,4,1,1,,,CLARK JAMES S IV,RV7A,,,,,,,CLASS 1,684,two airplanes,5,500,50,1
train,0,A81C99_1733776607_Reciprocating_1_1_776_30_audiomoth_manasas.wav,12/9/24,20:36:47,manasas.wav,audiomoth,1,,30,A81C99,,0.255509396,13.104201316699097,,,4,1,1,,,CESSNA,172N,,,,,,,CLASS 1,776,,2,500,50,1
train,0,A539FE_1733781259_Reciprocating_1_1_1120_60_audiomoth_manasas.wav,12/9/24,21:54:19,manasas.wav,audiomoth,1,,60,A539FE,,0,30,,,4,1,1,,,PIPER,PA-28-181,,,,,,,CLASS 1,1120,,4,500,50,1
train,0,ADC8FA_1733756231_Reciprocating_1_1_1553_182_audiomoth_manasas.wav,12/9/24,14:57:11,manasas.wav,audiomoth,1,,182,ADC8FA,,0,30,,,4,1,1,,,CESSNA,172S,,,,,,,CLASS 1,1553,,2,500,50,1
train,0,A63526_1733765592_Reciprocating_1_2_476_22_audiomoth_manasas.wav,12/9/24,17:33:12,manasas.wav,audiomoth,1,,22,A63526,,2.403874564353661,18.339536939060153,,,5,1,2,,,BEECH,95-B55 (T42A),,,,,,,CLASS 1,476,,1,500,50,1
train,0,A10F41_1733775388_Reciprocating_1_1_476_22_audiomoth_manasas.wav,12/9/24,20:16:28,manasas.wav,audiomoth,1,,22,A10F41,,12.916262209739232,19.674443678775816,,,4,1,1,,,CESSNA,172S,,,,,,,CLASS 1,476,,1,500,50,1
train,0,ADC8FA_1733756169_Reciprocating_1_1_701_30_audiomoth_manasas.wav,12/9/24,14:56:09,manasas.wav,audiomoth,1,,30,ADC8FA,,0,30,,,4,1,1,,,CESSNA,172S,,,,,,,CLASS 1,701,,5,500,50,1
train,0,A2AAC9_1733777222_Reciprocating_1_1_728_30_audiomoth_manasas.wav,12/9/24,20:47:02,manasas.wav,audiomoth,1,,30,A2AAC9,,0,30,,,4,1,1,,,PIPER,PA-28-181,,,,,,,CLASS 1,728,,5,500,50,1
train,0,A22F54_1733777028_Reciprocating_1_2_898_30_audiomoth_manasas.wav,12/9/24,20:43:48,manasas.wav,audiomoth,1,,30,A22F54,,0,30,,,5,1,2,,,PIPER,PA-39,,,,,,,CLASS 1,898,,3,500,50,1
train,0,A1B621_1733778471_Reciprocating_1_1_613_22_audiomoth_manasas.wav,12/9/24,21:07:51,manasas.wav,audiomoth,1,,22,A1B621,,0,30,,,4,1,1,,,CESSNA,T210L,,,,,,,CLASS 1,613,,5,500,50,1
train,0,A903DD_1733768330_Turbo-fan_5_2_724_76_audiomoth_manasas.wav,12/9/24,18:18:50,manasas.wav,audiomoth,1,,76,A903DD,,0,30,,,5,5,2,,,CESSNA,680,,,,,,,CLASS 3,724,,3,500,50,1
train,0,AB3FC7_1733782739_Reciprocating_1_1_496_22_audiomoth_manasas.wav,12/9/24,22:18:59,manasas.wav,audiomoth,1,,22,AB3FC7,,0,30,,,4,1,1,,,CIRRUS DESIGN CORP,SR22T,,,,,,,CLASS 1,496,,2,500,50,1
train,0,A71216_1733765347_Reciprocating_1_1_839_30_audiomoth_manasas.wav,12/9/24,17:29:07,manasas.wav,audiomoth,1,,30,A71216,,7.347199567606388,17.15063241160198,,,4,1,1,,,PIPER,PA-28-140,,,,,,,CLASS 1,839,wind,3,500,50,1
train,0,A10F41_1733775326_Reciprocating_1_1_1963_99_audiomoth_manasas.wav,12/9/24,20:15:26,manasas.wav,audiomoth,1,,99,A10F41,,0,30,,,4,1,1,,,CESSNA,172S,,,,,,,CLASS 1,1963,,3,500,50,1
train,0,A32BC4_1733742931_Turbo-shaft_3_2_1030_30_audiomoth_manasas.wav,12/9/24,11:15:31,manasas.wav,audiomoth,1,,30,A32BC4,,0,30,,,6,3,2,,,EUROCOPTER DEUTSCHLAND GMBH,EC 135 P2,,,,,,,CLASS 1,1030,,4,500,50,1
train,0,A81C99_1733774087_Reciprocating_1_1_1120_22_audiomoth_manasas.wav,12/9/24,19:54:47,manasas.wav,audiomoth,1,,22,A81C99,,0,30,,,4,1,1,,,CESSNA,172N,,,,,,,CLASS 1,1120,,2,500,50,1
train,0,A22F54_1733777448_Reciprocating_1_2_1938_259_audiomoth_manasas.wav,12/9/24,20:50:48,manasas.wav,audiomoth,1,,259,A22F54,,0,30,,,5,1,2,,,PIPER,PA-39,,,,,,,CLASS 1,1938,,5,500,50,1
train,0,ADC8FA_1733760838_Reciprocating_1_1_470_22_audiomoth_manasas.wav,12/9/24,16:13:58,manasas.wav,audiomoth,1,,22,ADC8FA,,0,30,,,4,1,1,,,CESSNA,172S,,,,,,,CLASS 1,470,,3,500,50,1
train,0,AB3FC7_1733782508_Reciprocating_1_1_833_83_audiomoth_manasas.wav,12/9/24,22:15:08,manasas.wav,audiomoth,1,,83,AB3FC7,,0,30,,,4,1,1,,,CIRRUS DESIGN CORP,SR22T,,,,,,,CLASS 1,833,,4,500,50,1
train,0,A5CC7D_1733769777_Reciprocating_1_1_575_30_audiomoth_manasas.wav,12/9/24,18:42:57,manasas.wav,audiomoth,1,,30,A5CC7D,,0,30,,,4,1,1,,,CESSNA,172S,,,,,,,CLASS 1,575,,5,500,50,1
train,0,A57E89_1733712053_Turbo-prop_2_1_773_22_audiomoth_manasas.wav,12/9/24,2:40:53,manasas.wav,audiomoth,1,,22,A57E89,,0,30,,,4,2,1,,,PILATUS,PC-12/45,,,,,,,CLASS 2,773,,3,500,50,1
train,0,A1B621_1733775512_Reciprocating_1_1_531_30_audiomoth_manasas.wav,12/9/24,20:18:32,manasas.wav,audiomoth,1,,30,A1B621,,0,30,,,4,1,1,,,CESSNA,T210L,,,,,,,CLASS 1,531,,3,500,50,1
train,0,AB3FC7_1733783215_Reciprocating_1_1_933_45_audiomoth_manasas.wav,12/9/24,22:26:55,manasas.wav,audiomoth,1,,45,AB3FC7,,0,30,,,4,1,1,,,CIRRUS DESIGN CORP,SR22T,,,,,,,CLASS 1,933,,1,500,50,1
train,0,A6945F_1733778208_Reciprocating_1_1_954_38_audiomoth_manasas.wav,12/9/24,21:03:28,manasas.wav,audiomoth,1,,38,A6945F,,0,30,,,4,1,1,,,CIRRUS DESIGN CORP,SR20,,,,,,,CLASS 1,954,,3,500,50,1
train,0,A63526_1733783597_Reciprocating_1_2_479_22_audiomoth_manasas.wav,12/9/24,22:33:17,manasas.wav,audiomoth,1,,22,A63526,,0,30,,,5,1,2,,,BEECH,95-B55 (T42A),,,,,,,CLASS 1,479,,5,500,50,1
train,0,A22F54_1733776760_Reciprocating_1_2_1709_228_audiomoth_manasas.wav,12/9/24,20:39:20,manasas.wav,audiomoth,1,,228,A22F54,,0,30,,,5,1,2,,,PIPER,PA-39,,,,,,,CLASS 1,1709,,4,500,50,1
train,0,A10F41_1733769532_Reciprocating_1_1_508_38_audiomoth_manasas.wav,12/9/24,18:38:52,manasas.wav,audiomoth,1,,38,A10F41,,0,30,,,4,1,1,,,CESSNA,172S,,,,,,,CLASS 1,508,,5,500,50,1
train,0,A539FE_1733781229_Reciprocating_1_1_1966_114_audiomoth_manasas.wav,12/9/24,21:53:49,manasas.wav,audiomoth,1,,114,A539FE,,0,30,,,4,1,1,,,PIPER,PA-28-181,,,,,,,CLASS 1,1966,,5,500,50,1
train,0,A10F41_1733782550_Reciprocating_1_1_1990_99_audiomoth_manasas.wav,12/9/24,22:15:50,manasas.wav,audiomoth,1,,99,A10F41,,0,30,,,4,1,1,,,CESSNA,172S,,,,,,,CLASS 1,1990,,3,500,50,1
train,0,ADEE2F_1733779022_Reciprocating_1_1_1692_205_audiomoth_manasas.wav,12/9/24,21:17:02,manasas.wav,audiomoth,1,,205,ADEE2F,,0,30,,,4,1,1,,,CLARK JAMES S IV,RV7A,,,,,,,CLASS 1,1692,,5,500,50,1
train,0,AB3FC7_1733781794_Reciprocating_1_1_672_22_audiomoth_manasas.wav,12/9/24,22:03:14,manasas.wav,audiomoth,1,,22,AB3FC7,,0,30,,,4,1,1,,,CIRRUS DESIGN CORP,SR22T,,,,,,,CLASS 1,672,Loud flyby,5,500,50,1
train,0,A22F54_1733778692_Reciprocating_1_2_1623_228_audiomoth_manasas.wav,12/9/24,21:11:32,manasas.wav,audiomoth,1,,228,A22F54,,0,30,,,5,1,2,,,PIPER,PA-39,,,,,,,CLASS 1,1623,,3,500,50,1
train,0,A81C99_1733774490_Reciprocating_1_1_1052_137_audiomoth_manasas.wav,12/9/24,20:01:30,manasas.wav,audiomoth,1,,137,A81C99,,0,30,,,4,1,1,,,CESSNA,172N,,,,,,,CLASS 1,1052,,3,500,50,1
train,0,ADEE2F_1733779053_Reciprocating_1_1_1581_114_audiomoth_manasas.wav,12/9/24,21:17:33,manasas.wav,audiomoth,1,,114,ADEE2F,,0,30,,,4,1,1,,,CLARK JAMES S IV,RV7A,,,,,,,CLASS 1,1581,,3,500,50,1
train,0,A81C99_1733776576_Reciprocating_1_1_776_30_audiomoth_manasas.wav,12/9/24,20:36:16,manasas.wav,audiomoth,1,,30,A81C99,,0,30,,,4,1,1,,,CESSNA,172N,,,,,,,CLASS 1,776,,3,500,50,1
train,0,A99281_1733767317_Reciprocating_1_1_789_114_audiomoth_manasas.wav,12/9/24,18:01:57,manasas.wav,audiomoth,1,,114,A99281,,0,30,,,4,1,1,,,CIRRUS DESIGN CORP,SR22,,,,,,,CLASS 1,789,,4,500,50,1
train,0,A22F54_1733778661_Reciprocating_1_2_477_45_audiomoth_manasas.wav,12/9/24,21:11:01,manasas.wav,audiomoth,1,,45,A22F54,,0,30,,,5,1,2,,,PIPER,PA-39,,,,,,,CLASS 1,477,,5,500,50,1
train,0,A1B621_1733777325_Reciprocating_1_1_582_22_audiomoth_manasas.wav,12/9/24,20:48:45,manasas.wav,audiomoth,1,,22,A1B621,,0,30,,,4,1,1,,,CESSNA,T210L,,,,,,,CLASS 1,582,,5,500,50,1
train,0,A10F41_1733775357_Reciprocating_1_1_895_38_audiomoth_manasas.wav,12/9/24,20:15:57,manasas.wav,audiomoth,1,,38,A10F41,,0,30,,,4,1,1,,,CESSNA,172S,,,,,,,CLASS 1,895,,4,500,50,1
train,0,AB3FC7_1733782165_Reciprocating_1_1_483_22_audiomoth_manasas.wav,12/9/24,22:09:25,manasas.wav,audiomoth,1,,22,AB3FC7,,0,30,,,4,1,1,,,CIRRUS DESIGN CORP,SR22T,,,,,,,CLASS 1,483,,2,500,50,1
train,0,A22F54_1733777726_Reciprocating_1_2_962_38_audiomoth_manasas.wav,12/9/24,20:55:26,manasas.wav,audiomoth,1,,38,A22F54,,0,30,,,5,1,2,,,PIPER,PA-39,,,,,,,CLASS 1,962,minor clipping,4,500,50,1
train,0,AB3FC7_1733787287_Reciprocating_1_1_1981_106_audiomoth_manasas.wav,12/9/24,23:34:47,manasas.wav,audiomoth,1,,106,AB3FC7,,0,30,,,4,1,1,,,CIRRUS DESIGN CORP,SR22T,,,,,,,CLASS 1,1981,,2,500,50,1
train,0,A2AAC9_1733777253_Reciprocating_1_1_768_99_audiomoth_manasas.wav,12/9/24,20:47:33,manasas.wav,audiomoth,1,,99,A2AAC9,,0,30,,,4,1,1,,,PIPER,PA-28-181,,,,,,,CLASS 1,768,,3,500,50,1
train,0,A32BC4_1733742869_Turbo-shaft_3_2_1266_99_audiomoth_manasas.wav,12/9/24,11:14:29,manasas.wav,audiomoth,1,,99,A32BC4,,0,30,,,6,3,2,,,EUROCOPTER DEUTSCHLAND GMBH,EC 135 P2,,,,,,,CLASS 1,1266,,1,500,50,1
train,0,AB3FC7_1733783485_Reciprocating_1_1_815_99_audiomoth_manasas.wav,12/9/24,22:31:25,manasas.wav,audiomoth,1,,99,AB3FC7,,0,30,,,4,1,1,,,CIRRUS DESIGN CORP,SR22T,,,,,,,CLASS 1,815,,3,20000,50,1
train,0,AB3FC7_1733782134_Reciprocating_1_1_923_38_audiomoth_manasas.wav,12/9/24,22:08:54,manasas.wav,audiomoth,1,,38,AB3FC7,,0,30,,,4,1,1,,,CIRRUS DESIGN CORP,SR22T,,,,,,,CLASS 1,923,,3,20000,50,1
train,0,A33332_1733778616_Turbo-shaft_3_2_1061_30_audiomoth_manasas.wav,12/9/24,21:10:16,manasas.wav,audiomoth,1,,30,A33332,,17.797015123318367,11.977873734136331,,,6,3,2,,,EUROCOPTER DEUTSCHLAND GMBH,EC 135 P2,,,,,,,CLASS 1,1061,,1,20000,50,1
train,0,A0EC98_1733772752_Turbo-fan_5_2_1281_30_audiomoth_manasas.wav,12/9/24,19:32:32,manasas.wav,audiomoth,1,,30,A0EC98,,12.207091769532154,13.625651637192208,,,5,5,2,,,BOMBARDIER INC,CL-600-2B16,,,,,,,CLASS 3,1281,,1,20000,50,1
train,0,A5CC7D_1733774911_Reciprocating_1_1_989_38_audiomoth_manasas.wav,12/9/24,20:08:31,manasas.wav,audiomoth,1,,38,A5CC7D,,0,30,,,4,1,1,,,CESSNA,172S,,,,,,,CLASS 1,989,birds,2,20000,50,1
train,0,A81C99_1733775698_Reciprocating_1_1_1574_137_audiomoth_manasas.wav,12/9/24,20:21:38,manasas.wav,audiomoth,1,,137,A81C99,,0,30,,,4,1,1,,,CESSNA,172N,,,,,,,CLASS 1,1574,birds - aircraft distant,1,20000,50,1
train,0,A32BC4_1733742993_Turbo-shaft_3_2_1038_30_audiomoth_manasas.wav,12/9/24,11:16:33,manasas.wav,audiomoth,1,,30,A32BC4,,0,30,,,6,3,2,,,EUROCOPTER DEUTSCHLAND GMBH,EC 135 P2,,,,,,,CLASS 1,1038,,1,20000,50,1
train,0,A81C99_1733775257_Reciprocating_1_1_1109_99_audiomoth_manasas.wav,12/9/24,20:14:17,manasas.wav,audiomoth,1,,99,A81C99,,0,30,,,4,1,1,,,CESSNA,172N,,,,,,,CLASS 1,1109,birds - distant aircraft,1,20000,50,1
train,0,A81C99_1733776453_Reciprocating_1_1_649_22_audiomoth_manasas.wav,12/9/24,20:34:13,manasas.wav,audiomoth,1,,22,A81C99,,0,30,,,4,1,1,,,CESSNA,172N,,,,,,,CLASS 1,649,,5,20000,50,1
train,0,ADEE2F_1733779979_Reciprocating_1_1_277_30_audiomoth_manasas.wav,12/9/24,21:32:59,manasas.wav,audiomoth,1,,30,ADEE2F,,0,30,,,4,1,1,,,CLARK JAMES S IV,RV7A,,,,,,,CLASS 1,277,,5,20000,50,1
train,0,AB3FC7_1733787071_Reciprocating_1_1_741_30_audiomoth_manasas.wav,12/9/24,23:31:11,manasas.wav,audiomoth,1,,30,AB3FC7,,0,30,,,4,1,1,,,CIRRUS DESIGN CORP,SR22T,,,,,,,CLASS 1,741,birds,4,20000,50,1
train,0,A10F41_1733769564_Reciprocating_1_1_1075_167_audiomoth_manasas.wav,12/9/24,18:39:24,manasas.wav,audiomoth,1,,167,A10F41,,0,30,,,4,1,1,,,CESSNA,172S,,,,,,,CLASS 1,1075,,4,20000,50,1
train,0,A81C99_1733774459_Reciprocating_1_1_508_30_audiomoth_manasas.wav,12/9/24,20:00:59,manasas.wav,audiomoth,1,,30,A81C99,,0,30,,,4,1,1,,,CESSNA,172N,,,,,,,CLASS 1,508,,4,20000,50,1
train,0,AB3FC7_1733782476_Reciprocating_1_1_778_0_audiomoth_manasas.wav,12/9/24,22:14:36,manasas.wav,audiomoth,1,,0,AB3FC7,,6.930041588,21.702380366192116,,,4,1,1,,,CIRRUS DESIGN CORP,SR22T,,,,,,,CLASS 1,778,goose honk during recording...,4,20000,50,1
train,0,ADEE2F_1733779636_Reciprocating_1_1_255_83_audiomoth_manasas.wav,12/9/24,21:27:16,manasas.wav,audiomoth,1,,83,ADEE2F,,0,30,,,4,1,1,,,CLARK JAMES S IV,RV7A,,,,,,,CLASS 1,255,possibly two airplanes...,5,20000,50,1
train,0,AB3FC7_1733782979_Reciprocating_1_1_793_22_audiomoth_manasas.wav,12/9/24,22:22:59,manasas.wav,audiomoth,1,,22,AB3FC7,,0,30,,,4,1,1,,,CIRRUS DESIGN CORP,SR22T,,,,,,,CLASS 1,793,,5,20000,50,1
train,0,A539FE_1733777059_Reciprocating_1_1_485_22_audiomoth_manasas.wav,12/9/24,20:44:19,manasas.wav,audiomoth,1,,22,A539FE,,0,30,,,4,1,1,,,PIPER,PA-28-181,,,,,,,CLASS 1,485,,4,20000,50,1
train,0,A1B621_1733778409_Reciprocating_1_1_1956_121_audiomoth_manasas.wav,12/9/24,21:06:49,manasas.wav,audiomoth,1,,121,A1B621,,0,30,,,4,1,1,,,CESSNA,T210L,,,,,,,CLASS 1,1956,,5,20000,50,1
train,0,A57E89_1733712084_Turbo-prop_2_1_1012_152_audiomoth_manasas.wav,12/9/24,2:41:24,manasas.wav,audiomoth,1,,152,A57E89,,0,30,,,4,2,1,,,PILATUS,PC-12/45,,,,,,,CLASS 2,1012,,1,20000,50,1
train,0,A71216_1733760946_Reciprocating_1_1_688_99_audiomoth_manasas.wav,12/9/24,16:15:46,manasas.wav,audiomoth,1,,99,A71216,,0,30,,,4,1,1,,,PIPER,PA-28-140,,,,,,,CLASS 1,688,,4,20000,50,1
train,0,A81C99_1733775605_Reciprocating_1_1_1595_91_audiomoth_manasas.wav,12/9/24,20:20:05,manasas.wav,audiomoth,1,,91,A81C99,,0,30,,,4,1,1,,,CESSNA,172N,,,,,,,CLASS 1,1595,,3,20000,50,1
train,0,ADEE2F_1733779948_Reciprocating_1_1_1025_45_audiomoth_manasas.wav,12/9/24,21:32:28,manasas.wav,audiomoth,1,,45,ADEE2F,,0,30,,,4,1,1,,,CLARK JAMES S IV,RV7A,,,,,,,CLASS 1,1025,,2,20000,50,1
train,0,A81C99_1733775825_Reciprocating_1_1_1252_327_audiomoth_manasas.wav,12/9/24,20:23:45,manasas.wav,audiomoth,1,,327,A81C99,,0,30,,,4,1,1,,,CESSNA,172N,,,,,,,CLASS 1,1252,,4,20000,50,1
train,0,A81C99_1733775667_Reciprocating_1_1_539_22_audiomoth_manasas.wav,12/9/24,20:21:07,manasas.wav,audiomoth,1,,22,A81C99,,0,30,,,4,1,1,,,CESSNA,172N,,,,,,,CLASS 1,539,,4,20000,50,1
train,0,ADEE2F_1733778899_Reciprocating_1_1_350_76_audiomoth_manasas.wav,12/9/24,21:14:59,manasas.wav,audiomoth,1,,76,ADEE2F,,0,30,,,4,1,1,,,CLARK JAMES S IV,RV7A,,,,,,,CLASS 1,350,,5,20000,50,1
train,0,A81C99_1733775794_Reciprocating_1_1_1994_350_audiomoth_manasas.wav,12/9/24,20:23:14,manasas.wav,audiomoth,1,,350,A81C99,,0,30,,,4,1,1,,,CESSNA,172N,,,,,,,CLASS 1,1994,,5,20000,50,1
train,0,ADEE2F_1733778991_Reciprocating_1_1_1294_266_audiomoth_manasas.wav,12/9/24,21:16:31,manasas.wav,audiomoth,1,,266,ADEE2F,,0,30,,,4,1,1,,,CLARK JAMES S IV,RV7A,,,,,,,CLASS 1,1294,,5,20000,50,1
train,0,A16707_1733780374_Reciprocating_1_1_868_480_audiomoth_manasas.wav,12/9/24,21:39:34,manasas.wav,audiomoth,1,,480,A16707,,0,30,,,4,1,1,,,CESSNA,172P,,,,,,,CLASS 1,868,,5,20000,50,1
train,0,A81C99_1733774118_Reciprocating_1_1_553_22_audiomoth_manasas.wav,12/9/24,19:55:18,manasas.wav,audiomoth,1,,22,A81C99,,0,30,,,4,1,1,,,CESSNA,172N,,,,,,,CLASS 1,553,,5,20000,50,1
train,0,A81C99_1733776514_Reciprocating_1_1_825_22_audiomoth_manasas.wav,12/9/24,20:35:14,manasas.wav,audiomoth,1,,22,A81C99,,0,30,,,4,1,1,,,CESSNA,172N,,,,,,,CLASS 1,825,,3,20000,50,1
train,0,A71216_1733760977_Reciprocating_1_1_1631_236_audiomoth_manasas.wav,12/9/24,16:16:17,manasas.wav,audiomoth,1,,236,A71216,,0,30,,,4,1,1,,,PIPER,PA-28-140,,,,,,,CLASS 1,1631,,4,20000,50,1
train,0,A10F41_1733769595_Reciprocating_1_1_1947_289_audiomoth_manasas.wav,12/9/24,18:39:55,manasas.wav,audiomoth,1,,289,A10F41,,0,30,,,4,1,1,,,CESSNA,172S,,,,,,,CLASS 1,1947,,4,20000,50,1
train,0,A0AADC_1733787535_Turbo-fan_5_2_474_22_audiomoth_manasas.wav,12/9/24,23:38:55,manasas.wav,audiomoth,1,,22,A0AADC,,0.046930239205289465,22.177393564610497,,,5,5,2,,,GULFSTREAM AEROSPACE,GIV-X (G450),,,,,,,CLASS 3,474,,3,20000,50,1
train,0,ADEE2F_1733779730_Reciprocating_1_1_1982_266_audiomoth_manasas.wav,12/9/24,21:28:50,manasas.wav,audiomoth,1,,266,ADEE2F,,18.360177993781818,10.272243960553794,,,4,1,1,,,CLARK JAMES S IV,RV7A,,,,,,,CLASS 1,1982,trains,3,20000,50,1
train,0,ADEE2F_1733779917_Reciprocating_1_1_1999_129_audiomoth_manasas.wav,12/9/24,21:31:57,manasas.wav,audiomoth,1,,129,ADEE2F,,11.080766028605249,18.551655925730387,,,4,1,1,,,CLARK JAMES S IV,RV7A,,,,,,,CLASS 1,1999,,3,20000,50,1
train,0,A21692_1733797602_Reciprocating_1_1_1967_1508_audiomoth_manasas.wav,12/10/24,2:26:42,manasas.wav,audiomoth,1,,1508,A21692,,0,30,,,4,1,1,,,CESSNA,172S,,,,,,,CLASS 1,1967,,4,20000,50,1
train,0,A63526_1733783628_Reciprocating_1_2_1873_251_audiomoth_manasas.wav,12/9/24,22:33:48,manasas.wav,audiomoth,1,,251,A63526,,0,30,,,5,1,2,,,BEECH,95-B55 (T42A),,,,,,,CLASS 1,1873,,2,20000,50,1
train,0,A81C99_1733776483_Reciprocating_1_1_792_22_audiomoth_manasas.wav,12/9/24,20:34:43,manasas.wav,audiomoth,1,,22,A81C99,,0,30,,,4,1,1,,,CESSNA,172N,,,,,,,CLASS 1,792,Two airplane takeoffs,4,20000,50,1
train,0,A90E6E_1733779145_Reciprocating_1_2_1185_190_audiomoth_manasas.wav,12/9/24,21:19:05,manasas.wav,audiomoth,1,,190,A90E6E,,0,30,,,5,1,2,,,PIPER AIRCRAFT INC,PA-44-180,,,,,,,CLASS 1,1185,,3,20000,50,1
train,0,A57E89_1733711364_Turbo-prop_2_1_698_30_audiomoth_manasas.wav,12/9/24,2:29:24,manasas.wav,audiomoth,1,,30,A57E89,,0,30,,,4,2,1,,,PILATUS,PC-12/45,,,,,,,CLASS 2,698,,2,20000,50,1
train,0,A81C99_1733774816_Reciprocating_1_1_1118_129_audiomoth_manasas.wav,12/9/24,20:06:56,manasas.wav,audiomoth,1,,129,A81C99,,0,30,,,4,1,1,,,CESSNA,172N,,,,,,,CLASS 1,1118,,2,20000,50,1
train,0,A21692_1733797633_Reciprocating_1_1_1680_1501_audiomoth_manasas.wav,12/10/24,2:27:13,manasas.wav,audiomoth,1,,1501,A21692,,0,30,,,4,1,1,,,CESSNA,172S,,,,,,,CLASS 1,1680,,2,500,50,1
train,0,A81C99_1733773762_Reciprocating_1_1_671_22_audiomoth_manasas.wav,12/9/24,19:49:22,manasas.wav,audiomoth,1,,22,A81C99,,0,30,,,4,1,1,,,CESSNA,172N,,,,,,,CLASS 1,671,,3,500,50,1
train,0,AB3FC7_1733783455_Reciprocating_1_1_754_30_audiomoth_manasas.wav,12/9/24,22:30:55,manasas.wav,audiomoth,1,,30,AB3FC7,,0,30,,,4,1,1,,,CIRRUS DESIGN CORP,SR22T,,,,,,,CLASS 1,754,,4,20000,50,1
train,0,A1B621_1733778440_Reciprocating_1_1_733_30_audiomoth_manasas.wav,12/9/24,21:07:20,manasas.wav,audiomoth,1,,30,A1B621,,0,30,,,4,1,1,,,CESSNA,T210L,,,,,,,CLASS 1,733,,3,20000,50,1
train,0,A22F54_1733776155_Reciprocating_1_2_1019_38_audiomoth_manasas.wav,12/9/24,20:29:15,manasas.wav,audiomoth,1,,38,A22F54,,6.241730520218246,7.034548061197835,,,5,1,2,,,PIPER,PA-39,,,,,,,CLASS 1,1019,,2,20000,50,1
train,0,A16707_1733780244_Reciprocating_1_1_567_91_audiomoth_manasas.wav,12/9/24,21:37:24,manasas.wav,audiomoth,1,,91,A16707,,0,30,,,4,1,1,,,CESSNA,172P,,,,,,,CLASS 1,567,wind gusts,3,20000,50,1
train,0,A82A89_1734462902_Reciprocating_1_1_1903_1036_audiomoth_manasas.wav,12/17/24,19:15:02,manasas.wav,audiomoth,1,,1036,A82A89,,0,60,,,4,1,1,,,CIRRUS DESIGN CORP,SR22,,,,,,,CLASS 1,1903,,4,20000,50,1
train,0,AB3FC7_1733781825_Reciprocating_1_1_1164_144_audiomoth_manasas.wav,12/9/24,22:03:45,manasas.wav,audiomoth,1,,144,AB3FC7,,0,30,,,4,1,1,,,CIRRUS DESIGN CORP,SR22T,,,,,,,CLASS 1,1164,,2,20000,50,1
train,0,A81C99_1733773793_Reciprocating_1_1_554_91_audiomoth_manasas.wav,12/9/24,19:49:53,manasas.wav,audiomoth,1,,91,A81C99,,0,30,,,4,1,1,,,CESSNA,172N,,,,,,,CLASS 1,554,,2,20000,50,1
train,0,A02979_1733779331_Turbo-shaft_3_1_762_22_audiomoth_manasas.wav,12/9/24,21:22:11,manasas.wav,audiomoth,1,,22,A02979,,0,30,,,6,3,1,,,HUGHES,369D,,,,,,,CLASS 1,762,,3,20000,50,1
train,0,A99281_1733767286_Reciprocating_1_1_759_30_audiomoth_manasas.wav,12/9/24,18:01:26,manasas.wav,audiomoth,1,,30,A99281,,0,30,,,4,1,1,,,CIRRUS DESIGN CORP,SR22,,,,,,,CLASS 1,759,,5,20000,50,1
train,0,A539FE_1733777089_Reciprocating_1_1_662_114_audiomoth_manasas.wav,12/9/24,20:44:49,manasas.wav,audiomoth,1,,114,A539FE,,0,30,,,4,1,1,,,PIPER,PA-28-181,,,,,,,CLASS 1,662,,2,20000,50,1
train,0,A7DDCD_1733754126_Reciprocating_1_1_683_22_audiomoth_manasas.wav,12/9/24,14:22:06,manasas.wav,audiomoth,1,,22,A7DDCD,,0,30,,,4,1,1,,,CIRRUS DESIGN CORP,SR22,,,,,,,CLASS 1,683,Rain data!,4,20000,50,1
train,0,A81C99_1733774149_Reciprocating_1_1_1016_114_audiomoth_manasas.wav,12/9/24,19:55:49,manasas.wav,audiomoth,1,,114,A81C99,,0,30,,,4,1,1,,,CESSNA,172N,,,,,,,CLASS 1,1016,,2,20000,50,1
train,0,A81C99_1733776545_Reciprocating_1_1_776_22_audiomoth_manasas.wav,12/9/24,20:35:45,manasas.wav,audiomoth,1,,22,A81C99,,0,30,,,4,1,1,,,CESSNA,172N,,,,,,,CLASS 1,776,,2,20000,50,1
train,0,A81C99_1733776054_Reciprocating_1_1_1617_198_audiomoth_manasas.wav,12/9/24,20:27:34,manasas.wav,audiomoth,1,,198,A81C99,,0,30,,,4,1,1,,,CESSNA,172N,,,,,,,CLASS 1,1617,,1,20000,50,1
train,0,A81C99_1733776422_Reciprocating_1_1_518_15_audiomoth_manasas.wav,12/9/24,20:33:42,manasas.wav,audiomoth,1,,15,A81C99,,18.28028652876518,10.352135425570431,,,4,1,1,,,CESSNA,172N,,,,,,,CLASS 1,518,,1,20000,50,1
train,0,A0A392_1733777119_Turbo-prop_2_2_632_22_audiomoth_manasas.wav,12/9/24,20:45:19,manasas.wav,audiomoth,1,,22,A0A392,,0,30,,,5,2,2,,,HAWKER BEECHCRAFT CORP,B200GT,,,,,,,CLASS 2,632,,2,20000,50,1
train,0,A81C99_1733776023_Reciprocating_1_1_557_83_audiomoth_manasas.wav,12/9/24,20:27:03,manasas.wav,audiomoth,1,,83,A81C99,,0,30,,,4,1,1,,,CESSNA,172N,,,,,,,CLASS 1,557,,3,20000,50,1
train,0,A6945F_1733775575_Reciprocating_1_1_507_60_audiomoth_manasas.wav,12/9/24,20:19:35,manasas.wav,audiomoth,1,,60,A6945F,,0,30,,,4,1,1,,,CIRRUS DESIGN CORP,SR20,,,,,,,CLASS 1,507,,4,20000,50,1
train,0,A5CC7D_1733769808_Reciprocating_1_1_920_121_audiomoth_manasas.wav,12/9/24,18:43:28,manasas.wav,audiomoth,1,,121,A5CC7D,,0,30,,,4,1,1,,,CESSNA,172S,,,,,,,CLASS 1,920,,4,20000,50,1
train,0,A25DB2_1733775051_Turbo-fan_5_3_1042_91_audiomoth_manasas.wav,12/9/24,20:10:51,manasas.wav,audiomoth,1,,91,A25DB2,,0,30,,,5,5,3,,,DASSAULT AVIATION,FALCON 900EX,,,,,,,CLASS 3,1042,,4,20000,50,1
train,0,A10F41_1733782581_Reciprocating_1_1_1019_60_audiomoth_manasas.wav,12/9/24,22:16:21,manasas.wav,audiomoth,1,,60,A10F41,,0,30,,,4,1,1,,,CESSNA,172S,,,,,,,CLASS 1,1019,,3,20000,50,1
train,0,A1B621_1733776808_Reciprocating_1_1_1994_144_audiomoth_manasas.wav,12/9/24,20:40:08,manasas.wav,audiomoth,1,,144,A1B621,,0,30,,,4,1,1,,,CESSNA,T210L,,,,,,,CLASS 1,1994,,3,20000,50,1
train,0,A81C99_1733775226_Reciprocating_1_1_496_22_audiomoth_manasas.wav,12/9/24,20:13:46,manasas.wav,audiomoth,1,,22,A81C99,,0,30,,,4,1,1,,,CESSNA,172N,,,,,,,CLASS 1,496,,3,20000,50,1
train,0,A81C99_1733774785_Reciprocating_1_1_489_22_audiomoth_manasas.wav,12/9/24,20:06:25,manasas.wav,audiomoth,1,,22,A81C99,,0,30,,,4,1,1,,,CESSNA,172N,,,,,,,CLASS 1,489,,4,20000,50,1
train,0,ADEE2F_1733779114_Reciprocating_1_1_248_22_audiomoth_manasas.wav,12/9/24,21:18:34,manasas.wav,audiomoth,1,,22,ADEE2F,,0.223609523,25.5477386678695417,,,4,1,1,,,CLARK JAMES S IV,RV7A,,,,,,,CLASS 1,248,,4,20000,50,1
train,0,A33332_1733778502_Turbo-shaft_3_2_1062_22_audiomoth_manasas.wav,12/9/24,21:08:22,manasas.wav,audiomoth,1,,22,A33332,,0,30,,,6,3,2,,,EUROCOPTER DEUTSCHLAND GMBH,EC 135 P2,,,,,,,CLASS 1,1062,,2,20000,50,1
train,0,A81C99_1733775636_Reciprocating_1_1_926_38_audiomoth_manasas.wav,12/9/24,20:20:36,manasas.wav,audiomoth,1,,38,A81C99,,0,30,,,4,1,1,,,CESSNA,172N,,,,,,,CLASS 1,926,,3,20000,50,1
train,0,ADEE2F_1733779791_Reciprocating_1_1_1432_213_audiomoth_manasas.wav,12/9/24,21:29:51,manasas.wav,audiomoth,1,,213,ADEE2F,,0,30,,,4,1,1,,,CLARK JAMES S IV,RV7A,,,,,,,CLASS 1,1432,,3,20000,50,1
train,0,A0B2A4_1733775481_Reciprocating_1_1_296_22_audiomoth_manasas.wav,12/9/24,20:18:01,manasas.wav,audiomoth,1,,22,A0B2A4,,9.040230184992836,20.59218909059971,,,4,1,1,,,CESSNA,172S,,,,,,,CLASS 1,296,,3,20000,50,1
train,0,A22F54_1733778929_Reciprocating_1_2_1723_76_audiomoth_manasas.wav,12/9/24,21:15:29,manasas.wav,audiomoth,1,,76,A22F54,,0,30,,,5,1,2,,,PIPER,PA-39,,,,,,,CLASS 1,1723,Flying away,2,20000,50,1
train,0,A539FE_1733781290_Reciprocating_1_1_479_22_audiomoth_manasas.wav,12/9/24,21:54:50,manasas.wav,audiomoth,1,,22,A539FE,,0,30,,,4,1,1,,,PIPER,PA-28-181,,,,,,,CLASS 1,479,"Two airplanes, one distant one near",4,20000,50,1
train,0,A22F54_1733777695_Reciprocating_1_2_1969_106_audiomoth_manasas.wav,12/9/24,20:54:55,manasas.wav,audiomoth,1,,106,A22F54,,19.61401237658688,10.934977446107556,,,5,1,2,,,PIPER,PA-39,,,,,,,CLASS 1,1969,,1,20000,50,1
train,0,A1B621_1733775543_Reciprocating_1_1_1678_152_audiomoth_manasas.wav,12/9/24,20:19:03,manasas.wav,audiomoth,1,,152,A1B621,,14.797015123318367,14.835404152274165,,,4,1,1,,,CESSNA,T210L,,,,,,,CLASS 1,1678,,3,20000,50,1
train,0,ADC8FA_1733756200_Reciprocating_1_1_674_83_audiomoth_manasas.wav,12/9/24,14:56:40,manasas.wav,audiomoth,1,,83,ADC8FA,,0,30,,,4,1,1,,,CESSNA,172S,,,,,,,CLASS 1,674,raining,2,20000,50,1
train,0,A33332_1733778300_Turbo-shaft_3_2_1058_30_audiomoth_manasas.wav,12/9/24,21:05:00,manasas.wav,audiomoth,1,,30,A33332,,0,30,,,6,3,2,,,EUROCOPTER DEUTSCHLAND GMBH,EC 135 P2,,,,,,,CLASS 1,1058,,3,20000,50,1
train,0,A7140A_1733744706_Turbo-fan_5_2_675_91_audiomoth_manasas.wav,12/9/24,11:45:06,manasas.wav,audiomoth,1,,91,A7140A,,0,30,,,5,5,2,,,CESSNA,560XL,,,,,,,CLASS 2,675,,3,20000,50,1
train,0,AB3FC7_1733782103_Reciprocating_1_1_1974_106_audiomoth_manasas.wav,12/9/24,22:08:23,manasas.wav,audiomoth,1,,106,AB3FC7,,0,30,,,4,1,1,,,CIRRUS DESIGN CORP,SR22T,,,,,,,CLASS 1,1974,,4,20000,50,1
train,0,A7DDCD_1733754157_Reciprocating_1_1_1088_137_audiomoth_manasas.wav,12/9/24,14:22:37,manasas.wav,audiomoth,1,,137,A7DDCD,,0,30,,,4,1,1,,,CIRRUS DESIGN CORP,SR22,,,,,,,CLASS 1,1088,raining,2,20000,50,1
train,0,A02979_1733779269_Turbo-shaft_3_1_1989_121_audiomoth_manasas.wav,12/9/24,21:21:09,manasas.wav,audiomoth,1,,121,A02979,,0,30,,,6,3,1,,,HUGHES,369D,,,,,,,CLASS 1,1989,,4,20000,50,1
train,0,A82A89_1734462902_Reciprocating_1_1_1903_1036_audiomoth_summit.wav,12/17/24,19:15:02,summit.wav,audiomoth,1,,1036,A82A89,,0,60,,,4,1,1,,,CIRRUS DESIGN CORP,SR22,,,,,,,CLASS 1,1903,,5,20000,50,1
train,0,AB2754_1734542068_Reciprocating_1_1_1920_457_audiomoth_summit.wav,12/18/24,17:14:28,summit.wav,audiomoth,1,,457,AB2754,,28.21976587645955,28.045075353468647,,,4,1,1,,,CESSNA,182T,,,,,,,CLASS 1,1920,,3,20000,50,1
train,0,AB2754_1734542423_Reciprocating_1_1_1943_502_audiomoth_summit.wav,12/18/24,17:20:23,summit.wav,audiomoth,1,,502,AB2754,,0,60,,,4,1,1,,,CESSNA,182T,,,,,,,CLASS 1,1943,,3,20000,50,1
train,0,AA742E_1734536782_Reciprocating_1_1_1892_868_audiomoth_summit.wav,12/18/24,15:46:22,summit.wav,audiomoth,1,,868,AA742E,,0.010429016455163323,46.52400849,,,4,1,1,,,CIRRUS DESIGN CORP,SR22,,,,,,,CLASS 1,1892,,4,20000,50,1
train,0,A5E795_1734536973_Reciprocating_1_1_1451_914_audiomoth_summit.wav,12/18/24,15:49:33,summit.wav,audiomoth,1,,914,A5E795,,0.010429351298022832,42.01869983245428,,,4,1,1,,,PIPER,PA-28-181,,,,,,,CLASS 1,1451,Car drives by,2,20000,50,1
train,0,AC9643_1734534803_Reciprocating_1_1_728_982_audiomoth_summit.wav,12/18/24,15:13:23,summit.wav,audiomoth,1,,982,AC9643,,0.010429016455146482,27.83531815058632,,,4,1,1,,,CIRRUS DESIGN CORP,SR20,,,,,,,CLASS 1,728,,4,20000,50,1
train,0,AB2754_1734542232_Reciprocating_1_1_1947_563_audiomoth_summit.wav,12/18/24,17:17:12,summit.wav,audiomoth,1,,563,AB2754,,0,60,,,4,1,1,,,CESSNA,182T,,,,,,,CLASS 1,1947,,2,20000,50,1
train,0,AC9643_1734535785_Reciprocating_1_1_1960_769_audiomoth_summit.wav,12/18/24,15:29:45,summit.wav,audiomoth,1,,769,AC9643,,0.010429016455130447,54.40829938995155,,,4,1,1,,,CIRRUS DESIGN CORP,SR20,,,,,,,CLASS 1,1960,,3,20000,50,1
train,0,A5E795_1734536912_Reciprocating_1_1_1599_914_audiomoth_summit.wav,12/18/24,15:48:32,summit.wav,audiomoth,1,,914,A5E795,,0,60,,,4,1,1,,,PIPER,PA-28-181,,,,,,,CLASS 1,1599,birds,4,20000,50,1
train,0,AB2754_1734543137_Reciprocating_1_1_1532_464_audiomoth_summit.wav,12/18/24,17:32:17,summit.wav,audiomoth,1,,464,AB2754,,0.010428849033707527,38.93172485770978,,,4,1,1,,,CESSNA,182T,,,,,,,CLASS 1,1532,car drives by quietly,3,20000,50,1
train,0,000000_1734537202_Unknown_0_0_0_0_audiomoth_summit.wav,12/18/24,15:53:22,summit.wav,audiomoth,0,,0,000000,,0,10,,,,0,0,,,,,,,,,,,,0,,0,500,50,1
train,0,000000_1734531481_Unknown_0_0_0_0_audiomoth_summit.wav,12/18/24,14:18:01,summit.wav,audiomoth,0,,0,000000,,0,10,,,,0,0,,,,,,,,,,,,0,,0,3470,50,1
train,0,000000_1734542906_Unknown_0_0_0_0_audiomoth_summit.wav,12/18/24,17:28:26,summit.wav,audiomoth,0,,0,000000,,0,10,,,,0,0,,,,,,,,,,,,0,,0,3470,50,1
train,0,000000_1734535100_Unknown_0_0_0_0_audiomoth_summit.wav,12/18/24,15:18:20,summit.wav,audiomoth,0,,0,000000,,0,10,,,,0,0,,,,,,,,,,,,0,,0,3470,50,1
train,0,000000_1734539303_Unknown_0_0_0_0_audiomoth_summit.wav,12/18/24,16:28:23,summit.wav,audiomoth,0,,0,000000,,0,10,,,,0,0,,,,,,,,,,,,0,,0,7370,50,1
train,0,000000_1734542005_Unknown_0_0_0_0_audiomoth_summit.wav,12/18/24,17:13:25,summit.wav,audiomoth,0,,0,000000,,0,10,,,,0,0,,,,,,,,,,,,0,,0,7370,50,1
train,0,000000_1734579818_Unknown_0_0_0_0_audiomoth_summit.wav,12/19/24,3:43:38,summit.wav,audiomoth,0,,0,000000,,0,10,,,,0,0,,,,,,,,,,,,0,,0,500,50,1
train,0,000000_1734557612_Unknown_0_0_0_0_audiomoth_summit.wav,12/18/24,21:33:32,summit.wav,audiomoth,0,,0,000000,,0,10,,,,0,0,,,,,,,,,,,,0,,0,500,50,1
train,0,A3C88C_1734551649_Reciprocating_1_2_1876_1082_audiomoth_summit.wav,12/18/24,19:54:09,summit.wav,audiomoth,1,,1082,A3C88C,,0,60,,,5,1,2,,,BEECH,95,,,,,,,CLASS 1,1876,wind noise,1,500,50,1
train,0,000000_1734578318_Unknown_0_0_0_0_audiomoth_summit.wav,12/19/24,3:18:38,summit.wav,audiomoth,0,,0,000000,,0,10,,,,0,0,,,,,,,,,,,,0,,0,500,50,1
train,0,000000_1734548609_Unknown_0_0_0_0_audiomoth_summit.wav,12/18/24,19:03:29,summit.wav,audiomoth,0,,0,000000,,0,10,,,,0,0,,,,,,,,,,,,0,,0,500,50,1
train,0,000000_1734560313_Unknown_0_0_0_0_audiomoth_summit.wav,12/18/24,22:18:33,summit.wav,audiomoth,0,,0,000000,,0,10,,,,0,0,,,,,,,,,,,,0,,0,500,50,1
train,0,000000_1734574717_Unknown_0_0_0_0_audiomoth_summit.wav,12/19/24,2:18:37,summit.wav,audiomoth,0,,0,000000,,0,10,,,,0,0,,,,,,,,,,,,0,,0,500,50,1
train,0,000000_1734550410_Unknown_0_0_0_0_audiomoth_summit.wav,12/18/24,19:33:30,summit.wav,audiomoth,0,,0,000000,,0,10,,,,0,0,,,,,,,,,,,,0,,0,500,50,1
train,0,000000_1734548309_Unknown_0_0_0_0_audiomoth_summit.wav,12/18/24,18:58:29,summit.wav,audiomoth,0,,0,000000,,0,10,,,,0,0,,,,,,,,,,,,0,,0,500,50,1
train,0,000000_1734549209_Unknown_0_0_0_0_audiomoth_summit.wav,12/18/24,19:13:29,summit.wav,audiomoth,0,,0,000000,,0,10,,,,0,0,,,,,,,,,,,,0,,0,500,50,1
train,0,000000_1734564815_Unknown_0_0_0_0_audiomoth_summit.wav,12/18/24,23:33:35,summit.wav,audiomoth,0,,0,000000,,0,10,,,,0,0,,,,,,,,,,,,0,,0,500,50,1
train,0,000000_1734575017_Unknown_0_0_0_0_audiomoth_summit.wav,12/19/24,2:23:37,summit.wav,audiomoth,0,,0,000000,,0,10,,,,0,0,,,,,,,,,,,,0,,0,500,50,1
train,0,000000_1734581019_Unknown_0_0_0_0_audiomoth_summit.wav,12/19/24,4:03:39,summit.wav,audiomoth,0,,0,000000,,7.515909768145161,0.043888524,,,,0,0,,,,,,,,,,,,0,,0,500,50,1
train,0,000000_1734571717_Unknown_0_0_0_0_audiomoth_summit.wav,12/19/24,1:28:37,summit.wav,audiomoth,0,,0,000000,,0,10,,,,0,0,,,,,,,,,,,,0,,0,500,50,1
train,0,000000_1734547408_Unknown_0_0_0_0_audiomoth_summit.wav,12/18/24,18:43:28,summit.wav,audiomoth,0,,0,000000,,0,10,,,,0,0,,,,,,,,,,,,0,,0,500,50,1
train,0,000000_1734582519_Unknown_0_0_0_0_audiomoth_summit.wav,12/19/24,4:28:39,summit.wav,audiomoth,0,,0,000000,,0,10,,,,0,0,,,,,,,,,,,,0,,0,500,50,1
train,0,000000_1734581319_Unknown_0_0_0_0_audiomoth_summit.wav,12/19/24,4:08:39,summit.wav,audiomoth,0,,0,000000,,0,10,,,,0,0,,,,,,,,,,,,0,,0,500,50,1
train,0,000000_1734582219_Unknown_0_0_0_0_audiomoth_summit.wav,12/19/24,4:23:39,summit.wav,audiomoth,0,,0,000000,,0,10,,,,0,0,,,,,,,,,,,,0,,0,500,50,1
train,0,000000_1734566615_Unknown_0_0_0_0_audiomoth_summit.wav,12/19/24,0:03:35,summit.wav,audiomoth,0,,0,000000,,0,10,,,,0,0,,,,,,,,,,,,0,,0,500,50,1
train,0,000000_1734550710_Unknown_0_0_0_0_audiomoth_summit.wav,12/18/24,19:38:30,summit.wav,audiomoth,0,,0,000000,,0,10,,,,0,0,,,,,,,,,,,,0,,0,500,50,1
train,0,A68CF1_1734551344_Reciprocating_1_1_1947_1165_audiomoth_summit.wav,12/18/24,19:49:04,summit.wav,audiomoth,1,,1165,A68CF1,,0,60,,,4,1,1,,,CIRRUS DESIGN CORP,SR20,,,,,,,CLASS 1,1947,wind noise,1,500,50,1
train,0,000000_1734567216_Unknown_0_0_0_0_audiomoth_summit.wav,12/19/24,0:13:36,summit.wav,audiomoth,0,,0,000000,,0,10,,,,0,0,,,,,,,,,,,,0,,0,500,50,1
train,0,000000_1734576218_Unknown_0_0_0_0_audiomoth_summit.wav,12/19/24,2:43:38,summit.wav,audiomoth,0,,0,000000,,0,10,,,,0,0,,,,,,,,,,,,0,,0,500,50,1
train,0,000000_1734549509_Unknown_0_0_0_0_audiomoth_summit.wav,12/18/24,19:18:29,summit.wav,audiomoth,0,,0,000000,,0,10,,,,0,0,,,,,,,,,,,,0,,0,500,50,1
train,0,A43CE3_1734613969_Reciprocating_1_1_870_601_audiomoth_summit.wav,12/19/24,13:12:49,summit.wav,audiomoth,1,,601,A43CE3,,0,60,,,4,1,1,,,CESSNA,172S,,,,,,,CLASS 1,870,,3,500,50,1
train,0,000000_1734622736_Unknown_0_0_0_0_audiomoth_summit.wav,12/19/24,15:38:56,summit.wav,audiomoth,0,,0,000000,,0,10,,,,0,0,,,,,,,,,,,,0,,0,20000,50,1
train,0,A1E7D6_1734625179_Reciprocating_1_1_1895_1463_audiomoth_summit.wav,12/19/24,16:19:39,summit.wav,audiomoth,1,,1463,A1E7D6,,0,60,,,4,1,1,,,MOONEY AIRCRAFT CORP.,M20S,,,,,,,CLASS 1,1895,"wind, dog",3,20000,50,1
train,0,000000_1734596021_Unknown_0_0_0_0_audiomoth_summit.wav,12/19/24,8:13:41,summit.wav,audiomoth,0,,0,000000,,0,10,,,,0,0,,,,,,,,,,,,0,,0,20000,50,1
train,0,000000_1734590320_Unknown_0_0_0_0_audiomoth_summit.wav,12/19/24,6:38:40,summit.wav,audiomoth,0,,0,000000,,0,10,,,,0,0,,,,,,,,,,,,0,,0,20000,50,1
train,0,000000_1734620333_Unknown_0_0_0_0_audiomoth_summit.wav,12/19/24,14:58:53,summit.wav,audiomoth,0,,0,000000,,0,10,,,,0,0,,,,,,,,,,,,0,,0,20000,50,1
train,0,000000_1734600522_Unknown_0_0_0_0_audiomoth_summit.wav,12/19/24,9:28:42,summit.wav,audiomoth,0,,0,000000,,0,10,,,,0,0,,,,,,,,,,,,0,,0,20000,50,1
train,0,000000_1734614327_Unknown_0_0_0_0_audiomoth_summit.wav,12/19/24,13:18:47,summit.wav,audiomoth,0,,0,000000,,0,10,,,,0,0,,,,,,,,,,,,0,,0,20000,50,1
train,0,000000_1734603522_Unknown_0_0_0_0_audiomoth_summit.wav,12/19/24,10:18:42,summit.wav,audiomoth,0,,0,000000,,0,10,,,,0,0,,,,,,,,,,,,0,,0,20000,50,1
train,0,000000_1734597821_Unknown_0_0_0_0_audiomoth_summit.wav,12/19/24,8:43:41,summit.wav,audiomoth,0,,0,000000,,0,10,,,,0,0,,,,,,,,,,,,0,,0,20000,50,1
train,0,A9E610_1734622593_Reciprocating_1_1_1808_769_audiomoth_summit.wav,12/19/24,15:36:33,summit.wav,audiomoth,1,,769,A9E610,,0.052145751961513394,48.40122274450279,,,4,1,1,,,CESSNA,172N,,,,,,,CLASS 1,1808,wind,3,20000,50,1
train,0,000000_1734548909_Unknown_0_0_0_0_audiomoth_summit.wav,12/18/24,19:08:29,summit.wav,audiomoth,0,,0,000000,,0,10,,,,0,0,,,,,,,,,,,,0,"dog, car driving by",0,20000,50,1
train,0,A0B2A4_1734615759_Reciprocating_1_1_246_868_audiomoth_summit.wav,12/19/24,13:42:39,summit.wav,audiomoth,1,,868,A0B2A4,,0,60,,,4,1,1,,,CESSNA,172S,,,,,,,CLASS 1,246,,4,20000,50,1
train,0,000000_1734611925_Unknown_0_0_0_0_audiomoth_summit.wav,12/19/24,12:38:45,summit.wav,audiomoth,0,,0,000000,,0,10,,,,0,0,,,,,,,,,,,,0,,0,20000,50,1
train,0,000000_1734599621_Unknown_0_0_0_0_audiomoth_summit.wav,12/19/24,9:13:41,summit.wav,audiomoth,0,,0,000000,,0,10,,,,0,0,,,,,,,,,,,,0,,0,20000,50,1
train,0,000000_1734587320_Unknown_0_0_0_0_audiomoth_summit.wav,12/19/24,5:48:40,summit.wav,audiomoth,0,,0,000000,,0,10,,,,0,0,,,,,,,,,,,,0,,0,20000,50,1
train,0,000000_1734598121_Unknown_0_0_0_0_audiomoth_summit.wav,12/19/24,8:48:41,summit.wav,audiomoth,0,,0,000000,,0,10,,,,0,0,,,,,,,,,,,,0,,0,20000,50,1
train,0,000000_1734587020_Unknown_0_0_0_0_audiomoth_summit.wav,12/19/24,5:43:40,summit.wav,audiomoth,0,,0,000000,,0,10,,,,0,0,,,,,,,,,,,,0,,0,20000,50,1
train,0,000000_1734624538_Unknown_0_0_0_0_audiomoth_summit.wav,12/19/24,16:08:58,summit.wav,audiomoth,0,,0,000000,,0,10,,,,0,0,,,,,,,,,,,,0,,0,20000,50,1
train,0,000000_1734605322_Unknown_0_0_0_0_audiomoth_summit.wav,12/19/24,10:48:42,summit.wav,audiomoth,0,,0,000000,,0,10,,,,0,0,,,,,,,,,,,,0,,0,20000,50,1
train,0,000000_1734645258_Unknown_0_0_0_0_audiomoth_summit.wav,12/19/24,21:54:18,summit.wav,audiomoth,0,,0,000000,,0,10,,,,0,0,,,,,,,,,,,,0,,0,20000,50,1
train,0,A10F41_1734652134_Reciprocating_1_1_496_144_audiomoth_manasas.wav,12/19/24,23:48:54,manasas.wav,audiomoth,1,,144,A10F41,,0.997709149,28.19315612650907,,,4,1,1,,,CESSNA,172S,,,,,,,CLASS 1,496,,3,20000,50,1
train,0,A9E61C_1734645807_Reciprocating_1_1_320_30_audiomoth_manasas.wav,12/19/24,22:03:27,manasas.wav,audiomoth,1,,30,A9E61C,,0,30,,,4,1,1,,,CESSNA,172N,,,,,,,CLASS 1,320,,1,20000,50,1
train,0,A64CC3_1734627572_Reciprocating_1_1_764_495_audiomoth_manasas.wav,12/19/24,16:59:32,manasas.wav,audiomoth,1,,495,A64CC3,,0.088646305,26.161255081161404,,,4,1,1,,,TEXTRON AVIATION INC,182T,,,,,,,CLASS 1,764,,3,20000,50,1
train,0,000000_1734681866_Unknown_0_0_0_0_audiomoth_summit.wav,12/20/24,8:04:26,summit.wav,audiomoth,0,,0,000000,,0,10,,,,0,0,,,,,,,,,,,,0,,0,20000,50,1
train,0,000000_1734653660_Unknown_0_0_0_0_audiomoth_summit.wav,12/20/24,0:14:20,summit.wav,audiomoth,0,,0,000000,,0,10,,,,0,0,,,,,,,,,,,,0,,0,20000,50,1
train,0,A63526_1734659726_Reciprocating_1_2_659_38_audiomoth_manasas.wav,12/20/24,1:55:26,manasas.wav,audiomoth,1,,38,A63526,,0,30,,,5,1,2,,,BEECH,95-B55 (T42A),,,,,,,CLASS 1,659,some clipping,4,20000,50,1
train,0,ADC8FA_1734637703_Reciprocating_1_1_1170_137_audiomoth_manasas.wav,12/19/24,19:48:23,manasas.wav,audiomoth,1,,137,ADC8FA,,0,30,,,4,1,1,,,CESSNA,172S,,,,,,,CLASS 1,1170,,2,20000,50,1
train,0,000000_1734638052_Unknown_0_0_0_0_audiomoth_summit.wav,12/19/24,19:54:12,summit.wav,audiomoth,0,,0,000000,,0,10,,,,0,0,,,,,,,,,,,,0,,0,20000,50,1
train,0,000000_1734578018_Unknown_0_0_0_0_audiomoth_summit.wav,12/19/24,3:13:38,summit.wav,audiomoth,0,,0,000000,,0,10,,,,0,0,,,,,,,,,,,,0,,0,20000,50,1
train,0,000000_1734679165_Unknown_0_0_0_0_audiomoth_summit.wav,12/20/24,7:19:25,summit.wav,audiomoth,0,,0,000000,,0,10,,,,0,0,,,,,,,,,,,,0,,0,20000,50,1
train,0,000000_1734702571_Unknown_0_0_0_0_audiomoth_summit.wav,12/20/24,13:49:31,summit.wav,audiomoth,0,,0,000000,,0,10,,,,0,0,,,,,,,,,,,,0,,0,20000,50,1
train,0,A9D27B_1734635691_Reciprocating_1_1_1879_1424_audiomoth_summit.wav,12/19/24,19:14:51,summit.wav,audiomoth,1,,1424,A9D27B,,0,60,,,4,1,1,,,CIRRUS DESIGN CORP,SR22,,,,,,,CLASS 1,1879,this is a perfect clip,5,20000,50,1
train,0,000000_1734656661_Unknown_0_0_0_0_audiomoth_summit.wav,12/20/24,1:04:21,summit.wav,audiomoth,0,,0,000000,,0,10,,,,0,0,,,,,,,,,,,,0,,0,20000,50,1
train,0,A10F41_1734652691_Reciprocating_1_1_698_22_audiomoth_manasas.wav,12/19/24,23:58:11,manasas.wav,audiomoth,1,,22,A10F41,,0,30,,,4,1,1,,,CESSNA,172S,,,,,,,CLASS 1,698,,5,20000,50,1
train,0,A68CF1_1734641331_Reciprocating_1_1_1891_601_audiomoth_summit.wav,12/19/24,20:48:51,summit.wav,audiomoth,1,,601,A68CF1,,0,60,,,4,1,1,,,CIRRUS DESIGN CORP,SR20,,,,,,,CLASS 1,1891,,5,20000,50,1
train,0,000000_1734633847_Unknown_0_0_0_0_audiomoth_summit.wav,12/19/24,18:44:07,summit.wav,audiomoth,0,,0,000000,,0,10,,,,0,0,,,,,,,,,,,,0,,0,20000,50,1
train,0,ADC8FA_1734637215_Reciprocating_1_1_1410_121_audiomoth_manasas.wav,12/19/24,19:40:15,manasas.wav,audiomoth,1,,121,ADC8FA,,0,30,,,4,1,1,,,CESSNA,172S,,,,,,,CLASS 1,1410,,4,20000,50,1
train,0,A10F41_1734652103_Reciprocating_1_1_1021_22_audiomoth_manasas.wav,12/19/24,23:48:23,manasas.wav,audiomoth,1,,22,A10F41,,0,30,,,4,1,1,,,CESSNA,172S,,,,,,,CLASS 1,1021,,5,20000,50,1
train,0,000000_1734671664_Unknown_0_0_0_0_audiomoth_summit.wav,12/20/24,5:14:24,summit.wav,audiomoth,0,,0,000000,,0,10,,,,0,0,,,,,,,,,,,,0,,0,20000,50,1
train,0,A7C8CC_1734652550_Turbo-fan_5_2_1952_68_audiomoth_manasas.wav,12/19/24,23:55:50,manasas.wav,audiomoth,1,,68,A7C8CC,,20.028809911633413,12.603614721445265,,,5,5,2,,,EMBRAER SA,EMB-550,,,,,,,CLASS 3,1952,,4,20000,50,1
train,0,000000_1734666264_Unknown_0_0_0_0_audiomoth_summit.wav,12/20/24,3:44:24,summit.wav,audiomoth,0,,0,000000,,0,10,,,,0,0,,,,,,,,,,,,0,,0,20000,50,1
train,0,A10F41_1734652656_Reciprocating_1_1_1135_30_audiomoth_manasas.wav,12/19/24,23:57:36,manasas.wav,audiomoth,1,,30,A10F41,,17.108704055393122,15.523715220199417,,,4,1,1,,,CESSNA,172S,,,,,,,CLASS 1,1135,,1,20000,50,1
train,0,000000_1734646758_Unknown_0_0_0_0_audiomoth_summit.wav,12/19/24,22:19:18,summit.wav,audiomoth,0,,0,000000,,0,10,,,,0,0,,,,,,,,,,,,0,,0,20000,50,1
train,0,A44528_1734646298_Reciprocating_1_1_1301_22_audiomoth_manasas.wav,12/19/24,22:11:38,manasas.wav,audiomoth,1,,22,A44528,,0,30,,,4,1,1,,,CESSNA,172H,,,,,,,CLASS 1,1301,,3,20000,50,1
train,0,AA6CAA_1734658966_Reciprocating_1_1_1814_68_audiomoth_manasas.wav,12/20/24,1:42:46,manasas.wav,audiomoth,1,,68,AA6CAA,,0,30,,,4,1,1,,,BEECH,36,,,,,,,CLASS 1,1814,,3,20000,50,1
train,0,000000_1734585219_Unknown_0_0_0_0_audiomoth_summit.wav,12/19/24,5:13:39,summit.wav,audiomoth,0,,0,000000,,0,10,,,,0,0,,,,,,,,,,,,0,,0,20000,50,1
train,0,AAD2BC_1734642019_Reciprocating_1_1_900_22_audiomoth_manasas.wav,12/19/24,21:00:19,manasas.wav,audiomoth,1,,22,AAD2BC,,0.005214843,18.360395641656208,,,4,1,1,,,PIPER,PA-46-310P,,,,,,,CLASS 1,900,,1,20000,50,1
train,0,AC979E_1734639912_Reciprocating_1_2_665_38_audiomoth_manasas.wav,12/19/24,20:25:12,manasas.wav,audiomoth,1,,38,AC979E,,0,30,,,5,1,2,,,PIPER AIRCRAFT INC,PA-44-180,,,,,,,CLASS 1,665,,2,20000,50,1
train,0,A68CF1_1734641049_Reciprocating_1_1_1825_441_audiomoth_summit.wav,12/19/24,20:44:09,summit.wav,audiomoth,1,,441,A68CF1,,0,60,,,4,1,1,,,CIRRUS DESIGN CORP,SR20,,,,,,,CLASS 1,1825,distant,2,20000,50,1
train,0,000000_1734619433_Unknown_0_0_0_0_audiomoth_summit.wav,12/19/24,14:43:53,summit.wav,audiomoth,0,,0,000000,,0,10,,,,0,0,,,,,,,,,,,,0,,0,20000,50,1
train,0,ADC8FA_1734637665_Reciprocating_1_1_1838_251_audiomoth_manasas.wav,12/19/24,19:47:45,manasas.wav,audiomoth,1,,251,ADC8FA,,10.204734003858855,22.427682592990628,,,4,1,1,,,CESSNA,172S,,,,,,,CLASS 1,1838,,4,20000,50,1
train,0,AB2754_1734634519_Reciprocating_1_1_1915_426_audiomoth_summit.wav,12/19/24,18:55:19,summit.wav,audiomoth,1,,426,AB2754,,0.010429686,49.77784220161021,,,4,1,1,,,CESSNA,182T,,,,,,,CLASS 1,1915,distant,2,20000,50,1
train,0,000000_1734599021_Unknown_0_0_0_0_audiomoth_summit.wav,12/19/24,9:03:41,summit.wav,audiomoth,0,,0,000000,,0,10,,,,0,0,,,,,,,,,,,,0,,0,20000,50,1
train,0,A881E3_1734714075_Reciprocating_1_1_396_22_audiomoth_manasas.wav,12/20/24,17:01:15,manasas.wav,audiomoth,1,,22,A881E3,,3.6546417030859657,25.96710055978432,,,4,1,1,,,PIPER,PA-28-180,,,,,,,CLASS 1,396,,4,2370,50,1
train,0,ADC8FA_1734804440_Reciprocating_1_1_856_53_audiomoth_manasas.wav,12/21/24,18:07:20,manasas.wav,audiomoth,1,,53,ADC8FA,,0,30,,,4,1,1,,,CESSNA,172S,,,,,,,CLASS 1,856,,5,2370,50,1
train,0,000000_1734865208_Unknown_0_0_0_0_audiomoth_summit.wav,12/22/24,11:00:08,summit.wav,audiomoth,0,,0,000000,,0,10,,,,0,0,,,,,,,,,,,,0,,0,2370,50,1
train,0,A422D6_1734830026_Reciprocating_1_1_1465_198_audiomoth_manasas.wav,12/22/24,1:13:46,manasas.wav,audiomoth,1,,198,A422D6,,0.028678494755420236,25.55190152719598,,,4,1,1,,,CIRRUS DESIGN CORP,SR22,,,,,,,CLASS 1,1465,,3,2370,50,1
train,0,A7D394_1734723118_Reciprocating_1_1_1143_22_audiomoth_manasas.wav,12/20/24,19:31:58,manasas.wav,audiomoth,1,,22,A7D394,,25.383108100921216,7.256205430164282,,,4,1,1,,,CESSNA,172S,,,,,,,CLASS 1,1143,,3,2370,50,1
train,0,000000_1735055623_Unknown_0_0_0_0_audiomoth_manassas.wav,12/24/24,15:53:43,manassas.wav,audiomoth,0,,0,000000,,0,10,,,,0,0,,,,,,,,,,,,0,,0,2370,50,1
train,0,A81C99_1734991720_Reciprocating_1_1_921_175_audiomoth_manasas.wav,12/23/24,22:08:40,manasas.wav,audiomoth,1,,175,A81C99,,0,30,,,4,1,1,,,CESSNA,172N,,,,,,,CLASS 1,921,,3,2370,50,1
train,0,AA5868_1734988951_Reciprocating_1_1_1182_228_audiomoth_manasas.wav,12/23/24,21:22:31,manasas.wav,audiomoth,1,,228,AA5868,,2.641972188277904,27.008721697869255,,,4,1,1,,,PIPER,PA-28-181,,,,,,,CLASS 1,1182,,3,2370,50,1
train,0,A539FE_1734878372_Reciprocating_1_1_544_53_audiomoth_manasas.wav,12/22/24,14:39:32,manasas.wav,audiomoth,1,,53,A539FE,,0,30,,,4,1,1,,,PIPER,PA-28-181,,,,,,,CLASS 1,544,,4,2370,50,1
train,0,000000_1734751784_Unknown_0_0_0_0_audiomoth_summit.wav,12/21/24,3:29:44,summit.wav,audiomoth,0,,0,000000,,0,10,,,,0,0,,,,,,,,,,,,0,,0,2370,50,1
train,0,A232FD_1734872166_Reciprocating_1_2_705_236_audiomoth_manasas.wav,12/22/24,12:56:06,manasas.wav,audiomoth,1,,236,A232FD,,0.001183557,16.45799636167247,,,5,1,2,,,PIPER AIRCRAFT INC,PA-44-180,,,,,,,CLASS 1,705,,3,2370,50,1
train,0,A64CC3_1734699122_Reciprocating_1_1_1869_655_audiomoth_manasas.wav,12/20/24,12:52:02,manasas.wav,audiomoth,1,,655,A64CC3,,0.000819386,15.36630166131614,,,4,1,1,,,TEXTRON AVIATION INC,182T,,,,,,,CLASS 1,1869,,3,2370,50,1
train,0,ADF166_1734892240_Reciprocating_1_1_513_60_audiomoth_manasas.wav,12/22/24,18:30:40,manasas.wav,audiomoth,1,,60,ADF166,,0.0012746,27.45515210771045,,,4,1,1,,,RAYTHEON AIRCRAFT COMPANY,A36,,,,,,,CLASS 1,513,,4,2370,50,1
train,0,AC979E_1734885142_Reciprocating_1_2_500_144_audiomoth_manasas.wav,12/22/24,16:32:22,manasas.wav,audiomoth,1,,144,AC979E,,0,30,,,5,1,2,,,PIPER AIRCRAFT INC,PA-44-180,,,,,,,CLASS 1,500,,4,2370,50,1
train,0,000000_1735056690_Unknown_0_0_0_0_audiomoth_summit.wav,12/24/24,16:11:30,summit.wav,audiomoth,0,,0,000000,,0,10,,,,0,0,,,,,,,,,,,,0,,0,2370,50,1
train,0,A6E441_1734707860_Reciprocating_1_1_1409_205_audiomoth_manasas.wav,12/20/24,15:17:40,manasas.wav,audiomoth,1,,205,A6E441,,12.287866412749263,14.271875675744997,,,4,1,1,,,CESSNA,172S,,,,,,,CLASS 1,1409,,2,2370,50,1
train,0,AC1CDE_1734795858_Turbo-prop_2_1_485_106_audiomoth_manasas.wav,12/21/24,15:44:18,manasas.wav,audiomoth,1,,106,AC1CDE,,15.218233199751296,13.41525358954263,,,4,2,1,,,PILATUS,PC-12/45,,,,,,,CLASS 2,485,,3,2370,50,1
train,0,A46AB9_1734892744_Turbo-fan_5_2_477_53_audiomoth_manasas.wav,12/22/24,18:39:04,manasas.wav,audiomoth,1,,53,A46AB9,,0.000364171,13.428181672892688,,,5,5,2,,,EMBRAER EXECUTIVE AIRCRAFT INC,EMB-505,,,,,,,CLASS 2,477,,4,2370,50,1
train,0,A35EBC_1734758962_Turbo-fan_5_3_972_53_audiomoth_manasas.wav,12/21/24,5:29:22,manasas.wav,audiomoth,1,,53,A35EBC,,0.00546257,9.904095403074258,,,5,5,3,,,DASSAULT-BREGUET,MYSTERE FALCON 900,,,,,,,CLASS 3,972,,3,2370,50,1
train,0,ADC8FA_1734708490_Reciprocating_1_1_1763_297_audiomoth_manasas.wav,12/20/24,15:28:10,manasas.wav,audiomoth,1,,297,ADC8FA,,19.89122187667849,12.722235487706886,,,4,1,1,,,CESSNA,172S,,,,,,,CLASS 1,1763,,3,2370,50,1
train,0,A1D63F_1734877143_4-Cycle_8_1_901_53_audiomoth_manasas.wav,12/22/24,14:19:03,manasas.wav,audiomoth,1,,53,A1D63F,,0,30,,,4,8,1,,,CESSNA,172M,,,,,,,CLASS 1,901,,3,2370,50,1
train,0,A81C99_1734890023_Reciprocating_1_1_670_320_audiomoth_manasas.wav,12/22/24,17:53:43,manasas.wav,audiomoth,1,,320,A81C99,,0.042152835148445186,27.687675522330586,,,4,1,1,,,CESSNA,172N,,,,,,,CLASS 1,670,,3,2370,50,1
train,0,A881E3_1734711625_Reciprocating_1_1_1311_22_audiomoth_manasas.wav,12/20/24,16:20:25,manasas.wav,audiomoth,1,,22,A881E3,,23.246103185958134,6.405683214274973,,,4,1,1,,,PIPER,PA-28-180,,,,,,,CLASS 1,1311,,2,2370,50,1
train,0,ADC8FA_1734722418_Reciprocating_1_1_960_22_audiomoth_manasas.wav,12/20/24,19:20:18,manasas.wav,audiomoth,1,,22,ADC8FA,,2.571912881036425,26.901793723191574,,,4,1,1,,,CESSNA,172S,,,,,,,CLASS 1,960,,4,2370,50,1
train,0,000000_1735002378_Unknown_0_0_0_0_audiomoth_summit.wav,12/24/24,1:06:18,summit.wav,audiomoth,0,,0,000000,,0,10,,,,0,0,,,,,,,,,,,,0,,0,2370,50,1
train,0,A4A808_1734719860_Turbo-fan_5_2_1708_426_audiomoth_manasas.wav,12/20/24,18:37:40,manasas.wav,audiomoth,1,,426,A4A808,,0.081028128,27.760965008927773,,,5,5,2,,,EMBRAER EXECUTIVE AIRCRAFT INC,EMB-505,,,,,,,CLASS 2,1708,,4,2370,50,1
train,0,AA5868_1734988614_Reciprocating_1_1_1987_106_audiomoth_manasas.wav,12/23/24,21:16:54,manasas.wav,audiomoth,1,,106,AA5868,,0,30,,,4,1,1,,,PIPER,PA-28-181,,,,,,,CLASS 1,1987,,3,2370,50,1
train,0,000000_1735011980_Unknown_0_0_0_0_audiomoth_summit.wav,12/24/24,3:46:20,summit.wav,audiomoth,0,,0,000000,,0,10,,,,0,0,,,,,,,,,,,,0,,0,2370,50,1
train,0,A9E61C_1734793883_Reciprocating_1_1_829_243_audiomoth_manasas.wav,12/21/24,15:11:23,manasas.wav,audiomoth,1,,243,A9E61C,,20.2721888,9.379233428,,,4,1,1,,,CESSNA,172N,,,,,,,CLASS 1,829,,2,2370,50,1
train,0,A10F41_1734652722_Reciprocating_1_1_728_152_audiomoth_manasas.wav,12/19/24,23:58:42,manasas.wav,audiomoth,1,,152,A10F41,,0.015204154362401703,26.296814048112953,,,4,1,1,,,CESSNA,172S,,,,,,,CLASS 1,728,,3,2370,50,1
train,0,A32E15_1734890213_Reciprocating_1_1_1158_129_audiomoth_manasas.wav,12/22/24,17:56:53,manasas.wav,audiomoth,1,,129,A32E15,,0,30,,,4,1,1,,,SOCATA,TB200,,,,,,,CLASS 1,1158,,4,2370,50,1
train,0,AA5868_1734989775_Reciprocating_1_1_1963_304_audiomoth_manasas.wav,12/23/24,21:36:15,manasas.wav,audiomoth,1,,304,AA5868,,20.435931191350484,12.208844910164629,,,4,1,1,,,PIPER,PA-28-181,,,,,,,CLASS 1,1963,windy,3,2370,50,1
train,0,A047D0_1734970538_Reciprocating_1_1_1986_495_audiomoth_summit.wav,12/23/24,16:15:38,summit.wav,audiomoth,1,,495,A047D0,,0,60,,,4,1,1,,,CIRRUS DESIGN CORP,SR22,,,,,,,CLASS 1,1986,,4,2370,50,1
train,0,000000_1734825301_Unknown_0_0_0_0_audiomoth_summit.wav,12/21/24,23:55:01,summit.wav,audiomoth,0,,0,000000,,0,10,,,,0,0,,,,,,,,,,,,0,,0,2370,50,1
train,0,ADC8FA_1734707428_Reciprocating_1_1_1377_228_audiomoth_manasas.wav,12/20/24,15:10:28,manasas.wav,audiomoth,1,,228,ADC8FA,,17.75675160126974,12.77595076359799,,,4,1,1,,,CESSNA,172S,,,,,,,CLASS 1,1377,,2,2370,50,1
train,0,A1B222_1734885655_Turbo-prop_2_1_936_137_audiomoth_manasas.wav,12/22/24,16:40:55,manasas.wav,audiomoth,1,,137,A1B222,,0.1700680260416595,28.154087994178276,,,4,2,1,,,CESSNA,T182T,,,,,,,CLASS 1,936,,4,2370,50,1
train,0,000000_1734784790_Unknown_0_0_0_0_audiomoth_summit.wav,12/21/24,12:39:50,summit.wav,audiomoth,0,,0,000000,,0,10,,,,0,0,,,,,,,,,,,,0,,0,2370,50,1
train,0,000000_1734764987_Unknown_0_0_0_0_audiomoth_summit.wav,12/21/24,7:09:47,summit.wav,audiomoth,0,,0,000000,,0,10,,,,0,0,,,,,,,,,,,,0,,0,2370,50,1
train,0,000000_1734763186_Unknown_0_0_0_0_audiomoth_summit.wav,12/21/24,6:39:46,summit.wav,audiomoth,0,,0,000000,,0,10,,,,0,0,,,,,,,,,,,,0,,0,2370,50,1
train,0,000000_1734932442_Unknown_0_0_0_0_audiomoth_summit.wav,12/23/24,5:40:42,summit.wav,audiomoth,0,,0,000000,,0,10,,,,0,0,,,,,,,,,,,,0,,0,2370,50,1
train,0,ADC8FA_1734820799_Reciprocating_1_1_604_60_audiomoth_manasas.wav,12/21/24,22:39:59,manasas.wav,audiomoth,1,,60,ADC8FA,,0,30,,,4,1,1,,,CESSNA,172S,,,,,,,CLASS 1,604,,5,2370,50,1
train,0,A49D10_1734638685_Reciprocating_1_1_1994_495_audiomoth_summit.wav,12/19/24,20:04:45,summit.wav,audiomoth,1,,495,A49D10,,0,60,,,4,1,1,,,TEXTRON AVIATION INC,182T,,,,,,,CLASS 1,1994,,4,2370,50,1
train,0,A015FD_1734621867_Reciprocating_1_1_1973_662_audiomoth_summit.wav,12/19/24,15:24:27,summit.wav,audiomoth,1,,662,A015FD,,0.3505149358995824,52.044093511007766,,,4,1,1,,,BEECH,V35B,,,,,,,CLASS 1,1973,,4,2370,50,1
train,0,000000_1735007780_Unknown_0_0_0_0_audiomoth_summit.wav,12/24/24,2:36:20,summit.wav,audiomoth,0,,0,000000,,0,10,,,,0,0,,,,,,,,,,,,0,,0,2370,50,1
train,0,A9B4A4_1734697181_Turbo-fan_5_2_1962_1150_audiomoth_manasas.wav,12/20/24,12:19:41,manasas.wav,audiomoth,1,,1150,A9B4A4,,0,30,,,5,5,2,,,EMBRAER S A,ERJ 170-200 LR,,,,,,,CLASS 3,1962,,5,2370,50,1
train,0,000000_1734883216_Unknown_0_0_0_0_audiomoth_summit.wav,12/22/24,16:00:16,summit.wav,audiomoth,0,,0,000000,,0,10,,,,0,0,,,,,,,,,,,,0,,0,2370,50,1
train,0,A7D394_1734729633_Reciprocating_1_1_530_60_audiomoth_manasas.wav,12/20/24,21:20:33,manasas.wav,audiomoth,1,,60,A7D394,,0,30,,,4,1,1,,,CESSNA,172S,,,,,,,CLASS 1,530,,4,2370,50,1
train,0,A43CE3_1734904291_Reciprocating_1_1_1971_396_audiomoth_summit.wav,12/22/24,21:51:31,summit.wav,audiomoth,1,,396,A43CE3,,0,60,,,4,1,1,,,CESSNA,172S,,,,,,,CLASS 1,1971,,3,2370,50,1
train,0,A881E3_1734714168_Reciprocating_1_1_1402_251_audiomoth_manasas.wav,12/20/24,17:02:48,manasas.wav,audiomoth,1,,251,A881E3,,0,30,,,4,1,1,,,PIPER,PA-28-180,,,,,,,CLASS 1,1402,,3,2370,50,1
train,0,A881E3_1734713210_Reciprocating_1_1_1453_312_audiomoth_manasas.wav,12/20/24,16:46:50,manasas.wav,audiomoth,1,,312,A881E3,,0,30,,,4,1,1,,,PIPER,PA-28-180,,,,,,,CLASS 1,1453,,3,2370,50,1
train,0,ADC8FA_1734830737_Reciprocating_1_1_1973_297_audiomoth_manasas.wav,12/22/24,1:25:37,manasas.wav,audiomoth,1,,297,ADC8FA,,20.093016491150294,9.522443815725929,,,4,1,1,,,CESSNA,172S,,,,,,,CLASS 1,1973,,4,2370,50,1
train,0,000000_1735029685_Unknown_0_0_0_0_audiomoth_summit.wav,12/24/24,8:41:25,summit.wav,audiomoth,0,,0,000000,,0,10,,,,0,0,,,,,,,,,,,,0,,0,2370,50,1
train,0,000000_1734726578_Unknown_0_0_0_0_audiomoth_summit.wav,12/20/24,20:29:38,summit.wav,audiomoth,0,,0,000000,,0,10,,,,0,0,,,,,,,,,,,,0,,0,2370,50,1
train,0,A5CA32_1734869311_Reciprocating_1_1_1212_342_audiomoth_manasas.wav,12/22/24,12:08:31,manasas.wav,audiomoth,1,,342,A5CA32,,0.24171874150997497,17.726405215426478,,,4,1,1,,,PIPER AIRCRAFT INC,PA-28-181,,,,,,,CLASS 1,1212,,3,2370,50,1
train,0,000000_1734765887_Unknown_0_0_0_0_audiomoth_summit.wav,12/21/24,7:24:47,summit.wav,audiomoth,0,,0,000000,,0,10,,,,0,0,,,,,,,,,,,,0,,0,2370,50,1
train,0,A7D394_1734722356_Reciprocating_1_1_567_22_audiomoth_manasas.wav,12/20/24,19:19:16,manasas.wav,audiomoth,1,,22,A7D394,,0,29.653061,,,4,1,1,,,CESSNA,172S,,,,,,,CLASS 1,567,,4,2370,50,1
train,0,ADC8FA_1734709222_Reciprocating_1_1_1952_68_audiomoth_manasas.wav,12/20/24,15:40:22,manasas.wav,audiomoth,1,,68,ADC8FA,,0.025765124,24.96959151940021,,,4,1,1,,,CESSNA,172S,,,,,,,CLASS 1,1952,,4,2370,50,1
train,0,000000_1734975959_Unknown_0_0_0_0_audiomoth_summit.wav,12/23/24,17:45:59,summit.wav,audiomoth,0,,0,000000,,0,10,,,,0,0,,,,,,,,,,,,0,,0,2370,50,1
train,0,A81C99_1734889961_Reciprocating_1_1_762_53_audiomoth_manasas.wav,12/22/24,17:52:41,manasas.wav,audiomoth,1,,53,A81C99,,0,30,,,4,1,1,,,CESSNA,172N,,,,,,,CLASS 1,762,,4,2370,50,1
train,0,A3176B_1734692064_Turbo-fan_5_2_1969_914_audiomoth_manasas.wav,12/20/24,10:54:24,manasas.wav,audiomoth,1,,914,A3176B,,8.177467933,6.766121819788319,,,5,5,2,,,BOEING,767-300F,,,,,,,CLASS 3,1969,,2,2370,50,1
train,0,000000_1735029985_Unknown_0_0_0_0_audiomoth_summit.wav,12/24/24,8:46:25,summit.wav,audiomoth,0,,0,000000,,0,10,,,,0,0,,,,,,,,,,,,0,,0,2370,50,1
train,0,AA5868_1734991131_Reciprocating_1_1_607_60_audiomoth_manasas.wav,12/23/24,21:58:51,manasas.wav,audiomoth,1,,60,AA5868,,0.032502294,27.207242453046938,,,4,1,1,,,PIPER,PA-28-181,,,,,,,CLASS 1,607,,4,2370,50,1
train,0,000000_1734846905_Unknown_0_0_0_0_audiomoth_summit.wav,12/22/24,5:55:05,summit.wav,audiomoth,0,,0,000000,,0,10,,,,0,0,,,,,,,,,,,,0,,0,2370,50,1
train,0,000000_1734861907_Unknown_0_0_0_0_audiomoth_summit.wav,12/22/24,10:05:07,summit.wav,audiomoth,0,,0,000000,,0,10,,,,0,0,,,,,,,,,,,,0,,0,2370,50,1
train,0,A05514_1734768867_Turbo-prop_2_1_617_60_audiomoth_manasas.wav,12/21/24,8:14:27,manasas.wav,audiomoth,1,,60,A05514,,0.000455214,16.093369785496407,,,4,2,1,,,PILATUS,PC-12/45,,,,,,,CLASS 2,617,,4,2370,50,1
train,0,A2DA38_1734967758_Reciprocating_1_1_878_533_audiomoth_summit.wav,12/23/24,15:29:18,summit.wav,audiomoth,1,,533,A2DA38,,4.066337428,25.774468469279746,,,4,1,1,,,CESSNA,172S,,,,,,,CLASS 1,878,windy,3,2370,50,1
train,0,000000_1735054120_Unknown_0_0_0_0_audiomoth_manassas.wav,12/24/24,15:28:40,manassas.wav,audiomoth,0,,0,000000,,0,10,,,,0,0,,,,,,,,,,,,0,,0,2370,50,1
train,0,000000_1735142144_Unknown_0_0_0_0_audiomoth_manassas.wav,12/25/24,15:55:44,manassas.wav,audiomoth,0,,0,000000,,0,10,,,,0,0,,,,,,,,,,,,0,,0,16720,50,1
train,0,A0B2A4_1734615076_Reciprocating_1_1_1978_845_audiomoth_summit.wav,12/19/24,13:31:16,summit.wav,audiomoth,1,,845,A0B2A4,,26.167438488808216,33.091341234135214,,,4,1,1,,,CESSNA,172S,,,,,,,CLASS 1,1978,,3,20000,50,1
train,0,000000_1735116311_Unknown_0_0_0_0_audiomoth_manassas.wav,12/25/24,8:45:11,manassas.wav,audiomoth,0,,0,000000,,0,10,,,,0,0,,,,,,,,,,,,0,,0,20000,50,1
train,0,AC2BB8_1735215037_Turbo-fan_5_2_1918_1150_audiomoth_manassas.wav,12/26/24,12:10:37,manassas.wav,audiomoth,1,,1150,AC2BB8,,0.001092514,28.94484962081771,,,5,5,2,,,EMBRAER S A,ERJ 170-200 LL,,,,,,,CLASS 3,1918,,5,20000,50,1
train,0,000000_1735082669_Unknown_0_0_0_0_audiomoth_manassas.wav,12/24/24,23:24:29,manassas.wav,audiomoth,0,,0,000000,,0,10,,,,0,0,,,,,,,,,,,,0,,0,20000,50,1
train,0,000000_1735078763_Unknown_0_0_0_0_audiomoth_manassas.wav,12/24/24,22:19:23,manassas.wav,audiomoth,0,,0,000000,,0,10,,,,0,0,,,,,,,,,,,,0,,0,20000,50,1
train,0,ADC8FA_1734820861_Reciprocating_1_1_1961_281_audiomoth_manasas.wav,12/21/24,22:41:01,manasas.wav,audiomoth,1,,281,ADC8FA,,13.249646662685135,15.401593480504992,,,4,1,1,,,CESSNA,172S,,,,,,,CLASS 1,1961,,3,20000,50,1
train,0,A33332_1735171468_Turbo-shaft_3_2_1039_7_audiomoth_manassas.wav,12/26/24,0:04:28,manassas.wav,audiomoth,1,,7,A33332,,39.25921687,20.046358876879232,,,6,3,2,,,EUROCOPTER DEUTSCHLAND GMBH,EC 135 P2,,,,,,,CLASS 1,1039,quiet,2,20000,50,1
train,0,000000_1735393546_Unknown_0_0_0_0_audiomoth_manassas.wav,12/28/24,13:45:46,manassas.wav,audiomoth,0,,0,000000,,0,10,,,,0,0,,,,,,,,,,,,0,,0,20000,50,1
train,0,000000_1735537718_Unknown_0_0_0_0_audiomoth_summit.wav,12/30/24,5:48:38,summit.wav,audiomoth,0,,0,000000,,0,10,,,,0,0,,,,,,,,,,,,0,,0,20000,50,1
train,0,000000_1734954045_Unknown_0_0_0_0_audiomoth_summit.wav,12/23/24,11:40:45,summit.wav,audiomoth,0,,0,000000,,0,10,,,,0,0,,,,,,,,,,,,0,,0,20000,50,1
train,0,ABC1EF_1734632372_Reciprocating_1_1_1873_243_audiomoth_manasas.wav,12/19/24,18:19:32,manasas.wav,audiomoth,1,,243,ABC1EF,,0,30,,,4,1,1,,,PIPER AIRCRAFT INC,PA-28-181,,,,,,,CLASS 1,1873,,4,20000,50,1
train,0,000000_1735206732_Unknown_0_0_0_0_audiomoth_manassas.wav,12/26/24,9:52:12,manassas.wav,audiomoth,0,,0,000000,,0,10,,,,0,0,,,,,,,,,,,,0,,0,20000,50,1
train,0,A2A682_1735413027_Turbo-prop_2_1_492_38_audiomoth_manassas.wav,12/28/24,19:10:27,manassas.wav,audiomoth,1,,38,A2A682,,0,60,,,4,2,1,,,PILATUS AIRCRAFT LTD,PC-12/47E,,,,,,,CLASS 1,492,,4,20000,50,1
train,0,A57E89_1735022129_Turbo-prop_2_1_773_53_audiomoth_manasas.wav,12/24/24,6:35:29,manasas.wav,audiomoth,1,,53,A57E89,,7.987068388650964,13.52599705567452,,,4,2,1,,,PILATUS,PC-12/45,,,,,,,CLASS 2,773,,3,20000,50,1
train,0,A1B222_1734885686_Turbo-prop_2_1_1332_220_audiomoth_manasas.wav,12/22/24,16:41:26,manasas.wav,audiomoth,1,,220,A1B222,,8.771413276231264,21.082457842612413,,,4,2,1,,,CESSNA,T182T,,,,,,,CLASS 1,1332,,3,20000,50,1
train,0,A21B19_1735053327_Turbo-prop_2_1_1985_76_audiomoth_manassas.wav,12/24/24,15:15:27,manassas.wav,audiomoth,1,,76,A21B19,,25.76535733404711,13.708344486081387,,,4,2,1,,,PILATUS AIRCRAFT LTD,PC-12/47E,,,,,,,CLASS 1,1985,,3,20000,50,1
train,0,A1B7E6_1735158491_Turbo-prop_2_2_1959_68_audiomoth_manassas.wav,12/25/24,20:28:11,manassas.wav,audiomoth,1,,68,A1B7E6,,21.15129817987152,38.15511242,,,5,2,2,,,MITSUBISHI,MU-2B-26A,,,,,,,CLASS 1,1959,,4,20000,50,1
train,0,A4DCA5_1735315863_Turbo-prop_2_1_1741_259_audiomoth_manassas.wav,12/27/24,16:11:03,manassas.wav,audiomoth,1,,259,A4DCA5,,0.15942853319057815,44.03523153104924,,,4,2,1,,,PILATUS,PC-12/45,,,,,,,CLASS 2,1741,,3,20000,50,1
train,0,000000_1735176418_Unknown_0_0_0_0_audiomoth_summit.wav,12/26/24,1:26:58,summit.wav,audiomoth,0,,0,000000,,0,10,,,,0,0,,,,,,,,,,,,0,wind,0,20000,50,1
train,0,000000_1735204329_Unknown_0_0_0_0_audiomoth_manassas.wav,12/26/24,9:12:09,manassas.wav,audiomoth,0,,0,000000,,0,10,,,,0,0,,,,,,,,,,,,0,,0,20000,50,1
train,0,A2DA38_1735918856_Reciprocating_1_1_1492_815_audiomoth_summit.wav,1/3/25,15:40:56,summit.wav,audiomoth,1,,815,A2DA38,,0.1244646680942143,42.236181745182016,,,4,1,1,,,CESSNA,172S,,,,,,,CLASS 1,1492,,4,20000,50,1
train,0,000000_1735558722_Unknown_0_0_0_0_audiomoth_summit.wav,12/30/24,11:38:42,summit.wav,audiomoth,0,,0,000000,,0,10,,,,0,0,,,,,,,,,,,,0,,0,20000,50,1
train,0,000000_1735432905_Unknown_0_0_0_0_audiomoth_manassas.wav,12/29/24,0:41:45,manassas.wav,audiomoth,0,,0,000000,,0,10,,,,0,0,,,,,,,,,,,,0,,0,20000,50,1
train,0,000000_1735361873_Unknown_0_0_0_0_audiomoth_summit.wav,12/28/24,4:57:53,summit.wav,audiomoth,0,,0,000000,,0,10,,,,0,0,,,,,,,,,,,,0,,0,20000,50,1
train,0,000000_1735271706_Unknown_0_0_0_0_audiomoth_manassas.wav,12/27/24,3:55:06,manassas.wav,audiomoth,0,,0,000000,,0,10,,,,0,0,,,,,,,,,,,,0,,0,20000,50,1
train,0,000000_1735809967_Unknown_0_0_0_0_audiomoth_summit.wav,1/2/25,9:26:07,summit.wav,audiomoth,0,,0,000000,,0,10,,,,0,0,,,,,,,,,,,,0,,0,20000,50,1
train,0,000000_1735450695_Unknown_0_0_0_0_audiomoth_summit.wav,12/29/24,5:38:15,summit.wav,audiomoth,0,,0,000000,,0,10,,,,0,0,,,,,,,,,,,,0,,0,20000,50,1
train,0,000000_1735315051_Unknown_0_0_0_0_audiomoth_summit.wav,12/27/24,15:57:31,summit.wav,audiomoth,0,,0,000000,,0,10,,,,0,0,,,,,,,,,,,,0,,0,20000,50,1
train,0,A06A10_1735244181_Reciprocating_1_1_1314_129_audiomoth_manassas.wav,12/26/24,20:16:21,manassas.wav,audiomoth,1,,129,A06A10,,0,60,,,4,1,1,,,CESSNA,172S,,,,,,,CLASS 1,1314,,4,20000,50,1
train,0,000000_1735573132_Unknown_0_0_0_0_audiomoth_summit.wav,12/30/24,15:38:52,summit.wav,audiomoth,0,,0,000000,,0,10,,,,0,0,,,,,,,,,,,,0,,0,20000,50,1
train,0,000000_1734755685_Unknown_0_0_0_0_audiomoth_summit.wav,12/21/24,4:34:45,summit.wav,audiomoth,0,,0,000000,,0,10,,,,0,0,,,,,,,,,,,,0,,0,20000,50,1
train,0,000000_1735246937_Unknown_0_0_0_0_audiomoth_summit.wav,12/26/24,21:02:17,summit.wav,audiomoth,0,,0,000000,,0,10,,,,0,0,,,,,,,,,,,,0,,0,20000,50,1
train,0,000000_1735138909_Unknown_0_0_0_0_audiomoth_summit.wav,12/25/24,15:01:49,summit.wav,audiomoth,0,,0,000000,,0,10,,,,0,0,,,,,,,,,,,,0,,0,20000,50,1
train,0,A81C99_1735241324_Reciprocating_1_1_1649_198_audiomoth_manassas.wav,12/26/24,19:28:44,manassas.wav,audiomoth,1,,198,A81C99,,32.106029175588866,17.17374866167024,,,4,1,1,,,CESSNA,172N,,,,,,,CLASS 1,1649,,2,20000,50,1
train,0,000000_1735169491_Unknown_0_0_0_0_audiomoth_manassas.wav,12/25/24,23:31:31,manassas.wav,audiomoth,0,,0,000000,,0,10,,,,0,0,,,,,,,,,,,,0,,0,20000,50,1
train,0,A4B036_1736102212_Reciprocating_1_1_1268_723_audiomoth_summit.wav,1/5/25,18:36:52,summit.wav,audiomoth,1,,723,A4B036,,23.48049384368308,35.94737018201286,,,4,1,1,,,AERONCA,7DC,,,,,,,CLASS 1,1268,,3,20000,50,1
train,0,000000_1735403759_Unknown_0_0_0_0_audiomoth_manassas.wav,12/28/24,16:35:59,manassas.wav,audiomoth,0,,0,000000,,0,10,,,,0,0,,,,,,,,,,,,0,,0,20000,50,1
train,0,000000_1735710950_Unknown_0_0_0_0_audiomoth_summit.wav,1/1/25,5:55:50,summit.wav,audiomoth,0,,0,000000,,0,10,,,,0,0,,,,,,,,,,,,0,,0,20000,50,1
train,0,A6FEB3_1736101252_Reciprocating_1_1_1923_1516_audiomoth_summit.wav,1/5/25,18:20:52,summit.wav,audiomoth,1,,1516,A6FEB3,,22.957039614561026,35.316514989293374,,,4,1,1,,,BEECH,F35,,,,,,,CLASS 1,1923,,3,20000,50,1
train,0,000000_1735435391_Unknown_0_0_0_0_audiomoth_summit.wav,12/29/24,1:23:11,summit.wav,audiomoth,0,,0,000000,,0,10,,,,0,0,,,,,,,,,,,,0,,0,20000,50,1
train,0,000000_1735760758_Unknown_0_0_0_0_audiomoth_summit.wav,1/1/25,19:45:58,summit.wav,audiomoth,0,,0,000000,,0,10,,,,0,0,,,,,,,,,,,,0,,0,20000,50,1
train,0,000000_1735190223_Unknown_0_0_0_0_audiomoth_manassas.wav,12/26/24,5:17:03,manassas.wav,audiomoth,0,,0,000000,,0,10,,,,0,0,,,,,,,,,,,,0,,0,20000,50,1
train,0,000000_1735100803_Unknown_0_0_0_0_audiomoth_summit.wav,12/25/24,4:26:43,summit.wav,audiomoth,0,,0,000000,,0,10,,,,0,0,,,,,,,,,,,,0,,0,20000,50,1
train,0,000000_1735152413_Unknown_0_0_0_0_audiomoth_summit.wav,12/25/24,18:46:53,summit.wav,audiomoth,0,,0,000000,,0,10,,,,0,0,,,,,,,,,,,,0,,0,20000,50,1
train,0,A2DA38_1735312065_Reciprocating_1_1_1084_76_audiomoth_manassas.wav,12/27/24,15:07:45,manassas.wav,audiomoth,1,,76,A2DA38,,13.081169700214133,46.91347698072808,,,4,1,1,,,CESSNA,172S,,,,,,,CLASS 1,1084,,5,20000,50,1
train,0,A29204_1735224983_Reciprocating_1_1_1773_274_audiomoth_manassas.wav,12/26/24,14:56:23,manassas.wav,audiomoth,1,,274,A29204,,0,60,,,4,1,1,,,CESSNA,172N,,,,,,,CLASS 1,1773,,5,20000,50,1
train,0,000000_1735136734_Unknown_0_0_0_0_audiomoth_manassas.wav,12/25/24,14:25:34,manassas.wav,audiomoth,0,,0,000000,,0,10,,,,0,0,,,,,,,,,,,,0,,0,20000,50,1
train,0,A3EFA2_1735159295_Turbo-fan_5_2_1930_1135_audiomoth_manassas.wav,12/25/24,20:41:35,manassas.wav,audiomoth,1,,1135,A3EFA2,,0.3380955567451813,38.87580299785867,,,5,5,2,,,BOEING,737-824,,,,,,,CLASS 3,1930,,3,20000,50,1
train,0,000000_1735450026_Unknown_0_0_0_0_audiomoth_manassas.wav,12/29/24,5:27:06,manassas.wav,audiomoth,0,,0,000000,,0,10,,,,0,0,,,,,,,,,,,,0,,0,20000,50,1
train,0,A44528_1734648192_Reciprocating_1_1_828_22_audiomoth_manasas.wav,12/19/24,22:43:12,manasas.wav,audiomoth,1,,22,A44528,,0,30,,,4,1,1,,,CESSNA,172H,,,,,,,CLASS 1,828,,5,20000,50,1
train,0,000000_1734692367_Unknown_0_0_0_0_audiomoth_summit.wav,12/20/24,10:59:27,summit.wav,audiomoth,0,,0,000000,,0,10,,,,0,0,,,,,,,,,,,,0,,0,20000,50,1
train,0,000000_1735373719_Unknown_0_0_0_0_audiomoth_manassas.wav,12/28/24,8:15:19,manassas.wav,audiomoth,0,,0,000000,,0,10,,,,0,0,,,,,,,,,,,,0,,0,20000,50,1
train,0,A9E61C_1734646034_Reciprocating_1_1_371_30_audiomoth_manasas.wav,12/19/24,22:07:14,manasas.wav,audiomoth,1,,30,A9E61C,,5.561262045,24.432715471092063,,,4,1,1,,,CESSNA,172N,,,,,,,CLASS 1,371,,4,20000,50,1
train,0,A11850_1735333842_Reciprocating_1_1_1963_76_audiomoth_manassas.wav,12/27/24,21:10:42,manassas.wav,audiomoth,1,,76,A11850,,31.936228586723768,25.590872591006434,,,4,1,1,,,BEECH,F33A,,,,,,,CLASS 1,1963,,3,20000,50,1
train,0,A81C99_1735248356_Reciprocating_1_1_1930_99_audiomoth_manassas.wav,12/26/24,21:25:56,manassas.wav,audiomoth,1,,99,A81C99,,0.045335920770879654,55.14755085653105,,,4,1,1,,,CESSNA,172N,,,,,,,CLASS 1,1930,,4,20000,50,1
train,0,000000_1735988819_Unknown_0_0_0_0_audiomoth_summit.wav,1/4/25,11:06:59,summit.wav,audiomoth,0,,0,000000,,0,10,,,,0,0,,,,,,,,,,,,0,,0,20000,50,1
train,0,000000_1735344469_Unknown_0_0_0_0_audiomoth_summit.wav,12/28/24,0:07:49,summit.wav,audiomoth,0,,0,000000,,0,10,,,,0,0,,,,,,,,,,,,0,,0,20000,50,1
train,0,A1BD4D_1735580434_Reciprocating_1_1_925_922_audiomoth_summit.wav,12/30/24,17:40:34,summit.wav,audiomoth,1,,922,A1BD4D,,26.424150160599574,33.564139453961474,,,4,1,1,,,CESSNA,172N,,,,,,,CLASS 1,925,lots of wind,3,20000,50,1
train,0,000000_1735984618_Unknown_0_0_0_0_audiomoth_summit.wav,1/4/25,9:56:58,summit.wav,audiomoth,0,,0,000000,,0,10,,,,0,0,,,,,,,,,,,,0,,0,20000,50,1
train,0,AA5868_1735339101_Reciprocating_1_1_1967_83_audiomoth_manassas.wav,12/27/24,22:38:21,manassas.wav,audiomoth,1,,83,AA5868,,37.995516595289075,22.004316113490383,,,4,1,1,,,PIPER,PA-28-181,,,,,,,CLASS 1,1967,,3,20000,50,1
train,0,000000_1735869384_Unknown_0_0_0_0_audiomoth_summit.wav,1/3/25,1:56:24,summit.wav,audiomoth,0,,0,000000,,0,10,,,,0,0,,,,,,,,,,,,0,,0,20000,50,1
train,0,A099A5_1735190216_Turbo-shaft_3_2_1825_510_audiomoth_summit.wav,12/26/24,5:16:56,summit.wav,audiomoth,1,,510,A099A5,,0.012881423982858548,25.59170904710922,,,6,3,2,,,EUROCOPTER DEUTSCHLAND GMBH,EC 135 P2+,,,,,,,CLASS 1,1825,,4,20000,50,1
train,0,000000_1735349870_Unknown_0_0_0_0_audiomoth_summit.wav,12/28/24,1:37:50,summit.wav,audiomoth,0,,0,000000,,0,10,,,,0,0,,,,,,,,,,,,0,,0,20000,50,1
train,0,000000_1735069896_Unknown_0_0_0_0_audiomoth_summit.wav,12/24/24,19:51:36,summit.wav,audiomoth,0,,0,000000,,0,10,,,,0,0,,,,,,,,,,,,0,,0,20000,50,1
train,0,000000_1735195626_Unknown_0_0_0_0_audiomoth_manassas.wav,12/26/24,6:47:06,manassas.wav,audiomoth,0,,0,000000,,0,10,,,,0,0,,,,,,,,,,,,0,,0,20000,50,1
train,0,A0B2A4_1734615137_Reciprocating_1_1_958_845_audiomoth_summit.wav,12/19/24,13:32:17,summit.wav,audiomoth,1,,845,A0B2A4,,0,60,,,4,1,1,,,CESSNA,172S,,,,,,,CLASS 1,958,,4,20000,50,1
train,0,000000_1735921903_Unknown_0_0_0_0_audiomoth_summit.wav,1/3/25,16:31:43,summit.wav,audiomoth,0,,0,000000,,0,10,,,,0,0,,,,,,,,,,,,0,,0,20000,50,1
train,0,A8D489_1735161415_Turbo-fan_5_2_1963_1394_audiomoth_manassas.wav,12/25/24,21:16:55,manassas.wav,audiomoth,1,,1394,A8D489,,0.002843951,42.810994379014986,,,5,5,2,,,BOEING,737-924ER,,,,,,,CLASS 3,1963,,5,20000,50,1
train,0,A04F04_1734710321_Turbo-prop_2_1_761_22_audiomoth_manasas.wav,12/20/24,15:58:41,manasas.wav,audiomoth,1,,22,A04F04,,0.003764052,23.67890123126339,,,4,2,1,,,PILATUS AIRCRAFT LTD,PC-12/45,,,,,,,CLASS 1,761,,3,20000,50,1
train,0,A1D63F_1735309623_4-Cycle_8_1_1026_22_audiomoth_manassas.wav,12/27/24,14:27:03,manassas.wav,audiomoth,1,,22,A1D63F,,30.988858404710925,17.067552194860795,,,4,8,1,,,CESSNA,172M,,,,,,,CLASS 1,1026,,3,20000,50,1
train,0,000000_1735422087_Unknown_0_0_0_0_audiomoth_manassas.wav,12/28/24,21:41:27,manassas.wav,audiomoth,0,,0,000000,,0,10,,,,0,0,,,,,,,,,,,,0,,0,20000,50,1
train,0,000000_1735773060_Unknown_0_0_0_0_audiomoth_summit.wav,1/1/25,23:11:00,summit.wav,audiomoth,0,,0,000000,,0,10,,,,0,0,,,,,,,,,,,,0,,0,20000,50,1
train,0,A5CC7D_1735238297_Reciprocating_1_1_1792_274_audiomoth_manassas.wav,12/26/24,18:38:17,manassas.wav,audiomoth,1,,274,A5CC7D,,0.046506959314772445,46.82280514,,,4,1,1,,,CESSNA,172S,,,,,,,CLASS 1,1792,,3,20000,50,1
train,0,000000_1735474700_Unknown_0_0_0_0_audiomoth_summit.wav,12/29/24,12:18:20,summit.wav,audiomoth,0,,0,000000,,0,10,,,,0,0,,,,,,,,,,,,0,,0,20000,50,1
train,0,000000_1735145211_Unknown_0_0_0_0_audiomoth_summit.wav,12/25/24,16:46:51,summit.wav,audiomoth,0,,0,000000,,0,10,,,,0,0,,,,,,,,,,,,0,,0,20000,50,1
train,0,A81C99_1735248850_Reciprocating_1_1_1905_243_audiomoth_manassas.wav,12/26/24,21:34:10,manassas.wav,audiomoth,1,,243,A81C99,,0,60,,,4,1,1,,,CESSNA,172N,,,,,,,CLASS 1,1905,,3,20000,50,1
train,0,A7D394_1734645286_Reciprocating_1_1_922_22_audiomoth_manasas.wav,12/19/24,21:54:46,manasas.wav,audiomoth,1,,22,A7D394,,0,30,,,4,1,1,,,CESSNA,172S,,,,,,,CLASS 1,922,lots of background sound,4,20000,50,1
train,0,000000_1735722351_Unknown_0_0_0_0_audiomoth_summit.wav,1/1/25,9:05:51,summit.wav,audiomoth,0,,0,000000,,0,10,,,,0,0,,,,,,,,,,,,0,,0,20000,50,1
train,0,A57E89_1735419098_Turbo-prop_2_1_1972_91_audiomoth_manassas.wav,12/28/24,20:51:38,manassas.wav,audiomoth,1,,91,A57E89,,30.184354925053533,15.691581905781597,,,4,2,1,,,PILATUS,PC-12/45,,,,,,,CLASS 2,1972,,3,20000,50,1
train,0,A33332_1734764934_Turbo-shaft_3_2_1969_312_audiomoth_manasas.wav,12/21/24,7:08:54,manasas.wav,audiomoth,1,,312,A33332,,0,30,,,6,3,2,,,EUROCOPTER DEUTSCHLAND GMBH,EC 135 P2,,,,,,,CLASS 1,1969,,5,20000,50,1
train,0,000000_1735008380_Unknown_0_0_0_0_audiomoth_summit.wav,12/24/24,2:46:20,summit.wav,audiomoth,0,,0,000000,,0,10,,,,0,0,,,,,,,,,,,,0,,0,20000,50,1
train,0,000000_1735425092_Unknown_0_0_0_0_audiomoth_manassas.wav,12/28/24,22:31:32,manassas.wav,audiomoth,0,,0,000000,,0,10,,,,0,0,,,,,,,,,,,,0,,0,20000,50,1
train,0,000000_1735469599_Unknown_0_0_0_0_audiomoth_summit.wav,12/29/24,10:53:19,summit.wav,audiomoth,0,,0,000000,,0,10,,,,0,0,,,,,,,,,,,,0,,0,20000,50,1
train,0,A29204_1735228551_Reciprocating_1_1_1935_106_audiomoth_manassas.wav,12/26/24,15:55:51,manassas.wav,audiomoth,1,,106,A29204,,0.000334582,37.99919700214134,,,4,1,1,,,CESSNA,172N,,,,,,,CLASS 1,1935,,3,20000,50,1
train,0,000000_1735048589_Unknown_0_0_0_0_audiomoth_summit.wav,12/24/24,13:56:29,summit.wav,audiomoth,0,,0,000000,,0,10,,,,0,0,,,,,,,,,,,,0,,0,20000,50,1
train,0,AC13D6_1735098262_Turbo-fan_5_2_1905_1379_audiomoth_manassas.wav,12/25/24,3:44:22,manassas.wav,audiomoth,1,,1379,AC13D6,,3.291789346895075,50.77773688436831,,,5,5,2,,,BOEING,737-8,,,,,,,CLASS 3,1905,,3,20000,50,1
train,0,000000_1735501409_Unknown_0_0_0_0_audiomoth_summit.wav,12/29/24,19:43:29,summit.wav,audiomoth,0,,0,000000,,0,10,,,,0,0,,,,,,,,,,,,0,,0,20000,50,1
train,0,000000_1735746655_Unknown_0_0_0_0_audiomoth_summit.wav,1/1/25,15:50:55,summit.wav,audiomoth,0,,0,000000,,0,10,,,,0,0,,,,,,,,,,,,0,,0,20000,50,1
train,0,000000_1735479802_Unknown_0_0_0_0_audiomoth_summit.wav,12/29/24,13:43:22,summit.wav,audiomoth,0,,0,000000,,0,10,,,,0,0,,,,,,,,,,,,0,,0,20000,50,1
train,0,000000_1735781162_Unknown_0_0_0_0_audiomoth_summit.wav,1/2/25,1:26:02,summit.wav,audiomoth,0,,0,000000,,0,10,,,,0,0,,,,,,,,,,,,0,,0,20000,50,1
train,0,000000_1735073956_Unknown_0_0_0_0_audiomoth_manassas.wav,12/24/24,20:59:16,manassas.wav,audiomoth,0,,0,000000,,0,10,,,,0,0,,,,,,,,,,,,0,,0,20000,50,1
train,0,000000_1735384677_Unknown_0_0_0_0_audiomoth_summit.wav,12/28/24,11:17:57,summit.wav,audiomoth,0,,0,000000,,0,10,,,,0,0,,,,,,,,,,,,0,,0,20000,50,1
train,0,000000_1735147850_Unknown_0_0_0_0_audiomoth_manassas.wav,12/25/24,17:30:50,manassas.wav,audiomoth,0,,0,000000,,0,10,,,,0,0,,,,,,,,,,,,0,,0,20000,50,1
train,0,AA5868_1734990797_Reciprocating_1_1_1427_205_audiomoth_manasas.wav,12/23/24,21:53:17,manasas.wav,audiomoth,1,,205,AA5868,,0,30,,,4,1,1,,,PIPER,PA-28-181,,,,,,,CLASS 1,1427,,4,20000,50,1
train,0,ABA648_1735410027_Turbo-prop_2_1_617_30_audiomoth_manassas.wav,12/28/24,18:20:27,manassas.wav,audiomoth,1,,30,ABA648,,0.004851445,36.28362553533191,,,4,2,1,,,EPIC AIRCRAFT LLC,E1000,,,,,,,CLASS 1,617,,4,20000,50,1
train,0,000000_1736015528_Unknown_0_0_0_0_audiomoth_summit.wav,1/4/25,18:32:08,summit.wav,audiomoth,0,,0,000000,,0,10,,,,0,0,,,,,,,,,,,,0,,0,20000,50,1
train,0,A2CB13_1735176912_Turbo-fan_5_2_1903_1143_audiomoth_manassas.wav,12/26/24,1:35:12,manassas.wav,audiomoth,1,,1143,A2CB13,,0.089668094,35.41956638115632,,,5,5,2,,,BOEING,787-9,,,,,,,CLASS 3,1903,,3,20000,50,1
train,0,A32BC4_1735161775_Turbo-shaft_3_2_810_38_audiomoth_manassas.wav,12/25/24,21:22:55,manassas.wav,audiomoth,1,,38,A32BC4,,1.857769004282655,39.31444057815846,,,6,3,2,,,EUROCOPTER DEUTSCHLAND GMBH,EC 135 P2,,,,,,,CLASS 1,810,,3,20000,50,1
train,0,000000_1734852606_Unknown_0_0_0_0_audiomoth_summit.wav,12/22/24,7:30:06,summit.wav,audiomoth,0,,0,000000,,0,10,,,,0,0,,,,,,,,,,,,0,,0,20000,50,1
train,0,A24CF6_1735310655_Reciprocating_1_1_1981_83_audiomoth_manassas.wav,12/27/24,14:44:15,manassas.wav,audiomoth,1,,83,A24CF6,,0,60,,,4,1,1,,,NAVION,NAVION G,,,,,,,CLASS 1,1981,,4,20000,50,1
train,0,A6D27B_1735161219_Turbo-fan_5_2_1972_1455_audiomoth_manassas.wav,12/25/24,21:13:39,manassas.wav,audiomoth,1,,1455,A6D27B,,0,60,,,5,5,2,,,BOMBARDIER INC,CL-600-2C11,,,,,,,CLASS 3,1972,,5,20000,50,1
train,0,A73D54_1734883452_Reciprocating_1_1_1883_998_audiomoth_summit.wav,12/22/24,16:04:12,summit.wav,audiomoth,1,,998,A73D54,,0,60,,,4,1,1,,,CESSNA,172N,,,,,,,CLASS 1,1883,,4,20000,50,1
train,0,000000_1735884686_Unknown_0_0_0_0_audiomoth_summit.wav,1/3/25,6:11:26,summit.wav,audiomoth,0,,0,000000,,0,10,,,,0,0,,,,,,,,,,,,0,,0,20000,50,1
train,0,A694B2_1735092608_Turbo-fan_5_2_1952_1005_audiomoth_manassas.wav,12/25/24,2:10:08,manassas.wav,audiomoth,1,,1005,A694B2,,0.012714132762306849,46.013952087794436,,,5,5,2,,,BOMBARDIER INC,CL-600-2C11,,,,,,,CLASS 3,1952,,5,20000,50,1
train,0,000000_1734724178_Unknown_0_0_0_0_audiomoth_summit.wav,12/20/24,19:49:38,summit.wav,audiomoth,0,,0,000000,,0,10,,,,0,0,,,,,,,,,,,,0,,0,20000,50,1
train,0,000000_1735440415_Unknown_0_0_0_0_audiomoth_manassas.wav,12/29/24,2:46:55,manassas.wav,audiomoth,0,,0,000000,,0,10,,,,0,0,,,,,,,,,,,,0,,0,20000,50,1
train,0,ADC8FA_1734707736_Reciprocating_1_1_597_22_audiomoth_manasas.wav,12/20/24,15:15:36,manasas.wav,audiomoth,1,,22,ADC8FA,,0,30,,,4,1,1,,,CESSNA,172S,,,,,,,CLASS 1,597,,5,20000,50,1
train,0,000000_1735183619_Unknown_0_0_0_0_audiomoth_summit.wav,12/26/24,3:26:59,summit.wav,audiomoth,0,,0,000000,,0,10,,,,0,0,,,,,,,,,,,,0,,0,20000,50,1
train,0,000000_1734851406_Unknown_0_0_0_0_audiomoth_summit.wav,12/22/24,7:10:06,summit.wav,audiomoth,0,,0,000000,,0,10,,,,0,0,,,,,,,,,,,,0,,0,20000,50,1
train,0,A10F41_1734652326_Reciprocating_1_1_1153_22_audiomoth_manasas.wav,12/19/24,23:52:06,manasas.wav,audiomoth,1,,22,A10F41,,0,30,,,4,1,1,,,CESSNA,172S,,,,,,,CLASS 1,1153,,3,20000,50,1
train,0,A52332_1735221453_Reciprocating_1_1_331_22_audiomoth_manassas.wav,12/26/24,13:57:33,manassas.wav,audiomoth,1,,22,A52332,,0.000501874,16.27007494646681,,,4,1,1,,,PIPER,PA-28R-200,,,,,,,CLASS 1,331,,4,20000,50,1
train,0,000000_1735187520_Unknown_0_0_0_0_audiomoth_manassas.wav,12/26/24,4:32:00,manassas.wav,audiomoth,0,,0,000000,,0,10,,,,0,0,,,,,,,,,,,,0,,0,20000,50,1
train,0,000000_1734656961_Unknown_0_0_0_0_audiomoth_summit.wav,12/20/24,1:09:21,summit.wav,audiomoth,0,,0,000000,,0,10,,,,0,0,,,,,,,,,,,,0,,0,20000,50,1
train,0,A06550_1735331572_4-Cycle_8_1_1572_944_audiomoth_summit.wav,12/27/24,20:32:52,summit.wav,audiomoth,1,,944,A06550,,0.076452088,37.27449143,,,4,8,1,,,DAVID W OAKES,RV-7A,,,,,,,CLASS 1,1572,,4,20000,50,1
train,0,000000_1735535618_Unknown_0_0_0_0_audiomoth_summit.wav,12/30/24,5:13:38,summit.wav,audiomoth,0,,0,000000,,0,10,,,,0,0,,,,,,,,,,,,0,,0,20000,50,1
train,0,000000_1736050337_Unknown_0_0_0_0_audiomoth_summit.wav,1/5/25,4:12:17,summit.wav,audiomoth,0,,0,000000,,0,10,,,,0,0,,,,,,,,,,,,0,,0,20000,50,1
train,0,000000_1735757758_Unknown_0_0_0_0_audiomoth_summit.wav,1/1/25,18:55:58,summit.wav,audiomoth,0,,0,000000,,0,10,,,,0,0,,,,,,,,,,,,0,,0,20000,50,1
train,0,000000_1735139439_Unknown_0_0_0_0_audiomoth_manassas.wav,12/25/24,15:10:39,manassas.wav,audiomoth,0,,0,000000,,0,10,,,,0,0,,,,,,,,,,,,0,,0,20000,50,1
train,0,A1F75F_1735921161_Reciprocating_1_1_491_403_audiomoth_summit.wav,1/3/25,16:19:21,summit.wav,audiomoth,1,,403,A1F75F,,0.001171039,40.09418495717346,,,4,1,1,,,CESSNA,172S,,,,,,,CLASS 1,491,,4,20000,50,1
train,0,A6AB2B_1735563935_Reciprocating_1_1_1910_1059_audiomoth_summit.wav,12/30/24,13:05:35,summit.wav,audiomoth,1,,1059,A6AB2B,,0.050856531049250364,34.55634368308352,,,4,1,1,,,CESSNA,T240,,,,,,,CLASS 1,1910,,4,20000,50,1
train,0,A9E61C_1734645889_Reciprocating_1_1_373_22_audiomoth_manasas.wav,12/19/24,22:04:49,manasas.wav,audiomoth,1,,22,A9E61C,,0,30,,,4,1,1,,,CESSNA,172N,,,,,,,CLASS 1,373,,5,20000,50,1
train,0,A81C99_1735249531_Reciprocating_1_1_519_22_audiomoth_manassas.wav,12/26/24,21:45:31,manassas.wav,audiomoth,1,,22,A81C99,,0,60,,,4,1,1,,,CESSNA,172N,,,,,,,CLASS 1,519,,4,20000,50,1
train,0,A387C7_1734988792_Reciprocating_1_1_1316_213_audiomoth_manasas.wav,12/23/24,21:19:52,manasas.wav,audiomoth,1,,213,A387C7,,0,30,,,4,1,1,,,BEECH,E35,,,,,,,CLASS 1,1316,,4,20000,50,1
train,0,ADC8FA_1734708459_Reciprocating_1_1_1961_312_audiomoth_manasas.wav,12/20/24,15:27:39,manasas.wav,audiomoth,1,,312,ADC8FA,,0,30,,,4,1,1,,,CESSNA,172S,,,,,,,CLASS 1,1961,,5,20000,50,1
train,0,A9E391_1735075813_Turbo-fan_5_2_212_1584_audiomoth_manassas.wav,12/24/24,21:30:13,manassas.wav,audiomoth,1,,1584,A9E391,,0.067585653,43.14156183083511,,,5,5,2,,,EMBRAER S A,ERJ 170-200 LR,,,,,,,CLASS 3,212,,3,20000,50,1
train,0,000000_1735488804_Unknown_0_0_0_0_audiomoth_summit.wav,12/29/24,16:13:24,summit.wav,audiomoth,0,,0,000000,,0,10,,,,0,0,,,,,,,,,,,,0,,0,20000,50,1
train,0,000000_1734811198_Unknown_0_0_0_0_audiomoth_summit.wav,12/21/24,19:59:58,summit.wav,audiomoth,0,,0,000000,,0,10,,,,0,0,,,,,,,,,,,,0,,0,20000,50,1
train,0,000000_1734728679_Unknown_0_0_0_0_audiomoth_summit.wav,12/20/24,21:04:39,summit.wav,audiomoth,0,,0,000000,,0,10,,,,0,0,,,,,,,,,,,,0,,0,20000,50,1
train,0,000000_1735443493_Unknown_0_0_0_0_audiomoth_summit.wav,12/29/24,3:38:13,summit.wav,audiomoth,0,,0,000000,,0,10,,,,0,0,,,,,,,,,,,,0,,0,20000,50,1
train,0,000000_1735806667_Unknown_0_0_0_0_audiomoth_summit.wav,1/2/25,8:31:07,summit.wav,audiomoth,0,,0,000000,,0,10,,,,0,0,,,,,,,,,,,,0,,0,20000,50,1
train,0,000000_1735461197_Unknown_0_0_0_0_audiomoth_summit.wav,12/29/24,8:33:17,summit.wav,audiomoth,0,,0,000000,,0,10,,,,0,0,,,,,,,,,,,,0,,0,20000,50,1
train,0,A53EBD_1734888806_Reciprocating_1_1_1713_0_audiomoth_summit.wav,12/22/24,17:33:26,summit.wav,audiomoth,1,,0,A53EBD,,32.199210385438974,27.791755888650954,,,4,1,1,,,CESSNA,172S,,,,,,,CLASS 1,1713,,3,20000,50,1
train,0,000000_1735970816_Unknown_0_0_0_0_audiomoth_summit.wav,1/4/25,6:06:56,summit.wav,audiomoth,0,,0,000000,,0,10,,,,0,0,,,,,,,,,,,,0,,0,20000,50,1
train,0,000000_1735155965_Unknown_0_0_0_0_audiomoth_manassas.wav,12/25/24,19:46:05,manassas.wav,audiomoth,0,,0,000000,,0,10,,,,0,0,,,,,,,,,,,,0,,0,20000,50,1
train,0,000000_1735073198_Unknown_0_0_0_0_audiomoth_summit.wav,12/24/24,20:46:38,summit.wav,audiomoth,0,,0,000000,,0,10,,,,0,0,,,,,,,,,,,,0,,0,20000,50,1
train,0,000000_1735352703_Unknown_0_0_0_0_audiomoth_manassas.wav,12/28/24,2:25:03,manassas.wav,audiomoth,0,,0,000000,,0,10,,,,0,0,,,,,,,,,,,,0,,0,20000,50,1
train,0,000000_1735154461_Unknown_0_0_0_0_audiomoth_manassas.wav,12/25/24,19:21:01,manassas.wav,audiomoth,0,,0,000000,,0,10,,,,0,0,,,,,,,,,,,,0,,0,20000,50,1
train,0,A2DA38_1734967958_Reciprocating_1_1_1941_853_audiomoth_summit.wav,12/23/24,15:32:38,summit.wav,audiomoth,1,,853,A2DA38,,29.584448608137045,27.948507762312637,,,4,1,1,,,CESSNA,172S,,,,,,,CLASS 1,1941,,3,20000,50,1
train,0,000000_1734739481_Unknown_0_0_0_0_audiomoth_summit.wav,12/21/24,0:04:41,summit.wav,audiomoth,0,,0,000000,,0,10,,,,0,0,,,,,,,,,,,,0,,0,20000,50,1
train,0,000000_1735424888_Unknown_0_0_0_0_audiomoth_summit.wav,12/28/24,22:28:08,summit.wav,audiomoth,0,,0,000000,,0,10,,,,0,0,,,,,,,,,,,,0,,0,20000,50,1
train,0,000000_1735111605_Unknown_0_0_0_0_audiomoth_summit.wav,12/25/24,7:26:45,summit.wav,audiomoth,0,,0,000000,,0,10,,,,0,0,,,,,,,,,,,,0,,0,20000,50,1
train,0,000000_1734761386_Unknown_0_0_0_0_audiomoth_summit.wav,12/21/24,6:09:46,summit.wav,audiomoth,0,,0,000000,,0,10,,,,0,0,,,,,,,,,,,,0,,0,20000,50,1
train,0,000000_1736007724_Unknown_0_0_0_0_audiomoth_summit.wav,1/4/25,16:22:04,summit.wav,audiomoth,0,,0,000000,,0,10,,,,0,0,,,,,,,,,,,,0,,0,20000,50,1
train,0,000000_1735203122_Unknown_0_0_0_0_audiomoth_summit.wav,12/26/24,8:52:02,summit.wav,audiomoth,0,,0,000000,,0,10,,,,0,0,,,,,,,,,,,,0,,0,20000,50,1
train,0,A7D394_1734721380_Reciprocating_1_1_619_76_audiomoth_manasas.wav,12/20/24,19:03:00,manasas.wav,audiomoth,1,,76,A7D394,,0.036051258,25.80458712526767,,,4,1,1,,,CESSNA,172S,,,,,,,CLASS 1,619,,3,20000,50,1
train,0,A80874_1736111674_4-Cycle_8_1_1357_502_audiomoth_summit.wav,1/5/25,21:14:34,summit.wav,audiomoth,1,,502,A80874,,0,60,,,4,8,1,,,CESSNA,172M,,,,,,,CLASS 1,1357,,4,20000,50,1
train,0,A06550_1735334203_4-Cycle_8_1_210_7_audiomoth_manassas.wav,12/27/24,21:16:43,manassas.wav,audiomoth,1,,7,A06550,,0,60,,,4,8,1,,,DAVID W OAKES,RV-7A,,,,,,,CLASS 1,210,,4,20000,50,1
train,0,AC6724_1735287973_Turbo-fan_5_2_923_76_audiomoth_manassas.wav,12/27/24,8:26:13,manassas.wav,audiomoth,1,,76,AC6724,,0.045168629550322775,17.909027034261243,,,5,5,2,,,EMBRAER-EMPRESA BRASILEIRA DE,EMB-500,,,,,,,CLASS 1,923,,3,20000,50,1
train,0,A1D63F_1735327640_4-Cycle_8_1_720_53_audiomoth_manassas.wav,12/27/24,19:27:20,manassas.wav,audiomoth,1,,53,A1D63F,,1.455768201284798,46.046239293361886,,,4,8,1,,,CESSNA,172M,,,,,,,CLASS 1,720,,3,20000,50,1
train,0,000000_1735735853_Unknown_0_0_0_0_audiomoth_summit.wav,1/1/25,12:50:53,summit.wav,audiomoth,0,,0,000000,,0,10,,,,0,0,,,,,,,,,,,,0,,0,20000,50,1
train,0,000000_1735478901_Unknown_0_0_0_0_audiomoth_summit.wav,12/29/24,13:28:21,summit.wav,audiomoth,0,,0,000000,,0,10,,,,0,0,,,,,,,,,,,,0,,0,20000,50,1
train,0,000000_1735423988_Unknown_0_0_0_0_audiomoth_summit.wav,12/28/24,22:13:08,summit.wav,audiomoth,0,,0,000000,,0,10,,,,0,0,,,,,,,,,,,,0,,0,20000,50,1
train,0,A03331_1735300624_Turbo-fan_5_2_1864_1074_audiomoth_manassas.wav,12/27/24,11:57:04,manassas.wav,audiomoth,1,,1074,A03331,,6.886543094218416,27.984642665952883,,,5,5,2,,,EMBRAER,EMB-145XR,,,,,,,CLASS 2,1864,,4,20000,50,1
train,0,000000_1735290991_Unknown_0_0_0_0_audiomoth_manassas.wav,12/27/24,9:16:31,manassas.wav,audiomoth,0,,0,000000,,0,10,,,,0,0,,,,,,,,,,,,0,,0,20000,50,1
train,0,000000_1735294594_Unknown_0_0_0_0_audiomoth_manassas.wav,12/27/24,10:16:34,manassas.wav,audiomoth,0,,0,000000,,0,10,,,,0,0,,,,,,,,,,,,0,,0,20000,50,1
train,0,000000_1734826201_Unknown_0_0_0_0_audiomoth_summit.wav,12/22/24,0:10:01,summit.wav,audiomoth,0,,0,000000,,0,10,,,,0,0,,,,,,,,,,,,0,,0,20000,50,1
train,0,000000_1735601052_Unknown_0_0_0_0_audiomoth_summit.wav,12/30/24,23:24:12,summit.wav,audiomoth,0,,0,000000,,0,10,,,,0,0,,,,,,,,,,,,0,,0,20000,50,1
train,0,000000_1734657561_Unknown_0_0_0_0_audiomoth_summit.wav,12/20/24,1:19:21,summit.wav,audiomoth,0,,0,000000,,0,10,,,,0,0,,,,,,,,,,,,0,,0,20000,50,1
train,0,A7D394_1734721350_Reciprocating_1_1_591_22_audiomoth_manasas.wav,12/20/24,19:02:30,manasas.wav,audiomoth,1,,22,A7D394,,0,30,,,4,1,1,,,CESSNA,172S,,,,,,,CLASS 1,591,,5,20000,50,1